filename,class_number
000000.png,1
000001.png,1
000002.png,1
000003.png,1
000004.png,1
000005.png,1
000006.png,1
000007.png,1
000008.png,1
000009.png,1
000010.png,1
000011.png,1
000012.png,1
000013.png,1
000014.png,1
000015.png,1
000016.png,1
000017.png,1
000018.png,1
000019.png,1
000020.png,1
000021.png,1
000022.png,1
000023.png,1
000024.png,1
000025.png,1
000026.png,1
000027.png,1
000028.png,1
000029.png,1
000030.png,1
000031.png,1
000032.png,1
000033.png,1
000034.png,1
000035.png,1
000036.png,1
000037.png,1
000038.png,1
000039.png,1
000040.png,1
000041.png,1
000042.png,1
000043.png,1
000044.png,1
000045.png,1
000046.png,1
000047.png,1
000048.png,1
000049.png,1
000050.png,1
000051.png,1
000052.png,1
000053.png,1
000054.png,1
000055.png,1
000056.png,1
000057.png,1
000058.png,1
000059.png,1
000060.png,1
000061.png,1
000062.png,1
000063.png,1
000064.png,1
000065.png,1
000066.png,1
000067.png,1
000068.png,1
000069.png,1
000070.png,1
000071.png,1
000072.png,1
000073.png,1
000074.png,1
000075.png,1
000076.png,1
000077.png,1
000078.png,1
000079.png,1
000080.png,1
000081.png,1
000082.png,1
000083.png,1
000084.png,1
000085.png,1
000086.png,1
000087.png,1
000088.png,1
000089.png,1
000090.png,1
000091.png,1
000092.png,1
000093.png,1
000094.png,1
000095.png,1
000096.png,1
000097.png,1
000098.png,1
000099.png,1
000100.png,1
000101.png,1
000102.png,1
000103.png,1
000104.png,1
000105.png,1
000106.png,1
000107.png,1
000108.png,1
000109.png,1
000110.png,1
000111.png,1
000112.png,1
000113.png,1
000114.png,1
000115.png,1
000116.png,1
000117.png,1
000118.png,1
000119.png,1
000120.png,1
000121.png,1
000122.png,1
000123.png,1
000124.png,1
000125.png,1
000126.png,1
000127.png,1
000128.png,1
000129.png,1
000130.png,1
000131.png,1
000132.png,1
000133.png,1
000134.png,1
000135.png,1
000136.png,1
000137.png,1
000138.png,1
000139.png,1
000140.png,1
000141.png,1
000142.png,1
000143.png,1
000144.png,1
000145.png,1
000146.png,1
000147.png,1
000148.png,1
000149.png,1
000150.png,1
000151.png,1
000152.png,1
000153.png,1
000154.png,1
000155.png,1
000156.png,1
000157.png,1
000158.png,1
000159.png,1
000160.png,1
000161.png,1
000162.png,1
000163.png,1
000164.png,1
000165.png,1
000166.png,1
000167.png,1
000168.png,1
000169.png,1
000170.png,1
000171.png,1
000172.png,1
000173.png,1
000174.png,1
000175.png,1
000176.png,1
000177.png,1
000178.png,1
000179.png,1
000180.png,1
000181.png,1
000182.png,1
000183.png,1
000184.png,1
000185.png,1
000186.png,1
000187.png,1
000188.png,1
000189.png,1
000190.png,1
000191.png,1
000192.png,1
000193.png,1
000194.png,1
000195.png,1
000196.png,1
000197.png,1
000198.png,1
000199.png,1
000200.png,1
000201.png,1
000202.png,1
000203.png,1
000204.png,1
000205.png,1
000206.png,1
000207.png,1
000208.png,1
000209.png,1
000210.png,1
000211.png,1
000212.png,1
000213.png,1
000214.png,1
000215.png,1
000216.png,1
000217.png,1
000218.png,1
000219.png,1
000220.png,1
000221.png,1
000222.png,1
000223.png,1
000224.png,1
000225.png,1
000226.png,1
000227.png,1
000228.png,1
000229.png,1
000230.png,1
000231.png,1
000232.png,1
000233.png,1
000234.png,1
000235.png,1
000236.png,1
000237.png,1
000238.png,1
000239.png,1
000240.png,1
000241.png,1
000242.png,1
000243.png,1
000244.png,1
000245.png,1
000246.png,1
000247.png,1
000248.png,1
000249.png,1
000250.png,1
000251.png,1
000252.png,1
000253.png,1
000254.png,1
000255.png,1
000256.png,1
000257.png,1
000258.png,1
000259.png,1
000260.png,1
000261.png,1
000262.png,1
000263.png,1
000264.png,1
000265.png,1
000266.png,1
000267.png,1
000268.png,1
000269.png,1
000270.png,1
000271.png,1
000272.png,1
000273.png,1
000274.png,1
000275.png,1
000276.png,1
000277.png,1
000278.png,1
000279.png,1
000280.png,1
000281.png,1
000282.png,1
000283.png,1
000284.png,1
000285.png,1
000286.png,1
000287.png,1
000288.png,1
000289.png,1
000290.png,1
000291.png,1
000292.png,1
000293.png,1
000294.png,1
000295.png,1
000296.png,1
000297.png,1
000298.png,1
000299.png,1
000300.png,1
000301.png,1
000302.png,1
000303.png,1
000304.png,1
000305.png,1
000306.png,1
000307.png,1
000308.png,1
000309.png,1
000310.png,1
000311.png,1
000312.png,1
000313.png,1
000314.png,1
000315.png,1
000316.png,1
000317.png,1
000318.png,1
000319.png,1
000320.png,1
000321.png,1
000322.png,1
000323.png,1
000324.png,1
000325.png,1
000326.png,1
000327.png,1
000328.png,1
000329.png,1
000330.png,1
000331.png,1
000332.png,1
000333.png,1
000334.png,1
000335.png,1
000336.png,1
000337.png,1
000338.png,1
000339.png,1
000340.png,1
000341.png,1
000342.png,1
000343.png,1
000344.png,1
000345.png,1
000346.png,1
000347.png,1
000348.png,1
000349.png,1
000350.png,1
000351.png,1
000352.png,1
000353.png,1
000354.png,1
000355.png,1
000356.png,1
000357.png,1
000358.png,1
000359.png,1
000360.png,1
000361.png,1
000362.png,1
000363.png,1
000364.png,1
000365.png,1
000366.png,1
000367.png,1
000368.png,1
000369.png,1
000370.png,1
000371.png,1
000372.png,1
000373.png,1
000374.png,1
000375.png,1
000376.png,1
000377.png,1
000378.png,1
000379.png,1
000380.png,1
000381.png,1
000382.png,1
000383.png,1
000384.png,1
000385.png,1
000386.png,1
000387.png,1
000388.png,1
000389.png,1
000390.png,1
000391.png,1
000392.png,1
000393.png,1
000394.png,1
000395.png,1
000396.png,1
000397.png,1
000398.png,1
000399.png,1
000400.png,1
000401.png,1
000402.png,1
000403.png,1
000404.png,1
000405.png,1
000406.png,1
000407.png,1
000408.png,1
000409.png,1
000410.png,1
000411.png,1
000412.png,1
000413.png,1
000414.png,1
000415.png,1
000416.png,1
000417.png,1
000418.png,1
000419.png,1
000420.png,1
000421.png,1
000422.png,1
000423.png,1
000424.png,1
000425.png,1
000426.png,1
000427.png,1
000428.png,1
000429.png,1
000430.png,1
000431.png,1
000432.png,1
000433.png,1
000434.png,1
000435.png,1
000436.png,1
000437.png,1
000438.png,1
000439.png,1
000440.png,1
000441.png,1
000442.png,1
000443.png,1
000444.png,1
000445.png,1
000446.png,1
000447.png,1
000448.png,1
000449.png,1
000450.png,1
000451.png,1
000452.png,1
000453.png,1
000454.png,1
000455.png,1
000456.png,1
000457.png,1
000458.png,1
000459.png,1
000460.png,1
000461.png,1
000462.png,1
000463.png,1
000464.png,1
000465.png,1
000466.png,1
000467.png,1
000468.png,1
000469.png,1
000470.png,1
000471.png,1
000472.png,1
000473.png,1
000474.png,1
000475.png,1
000476.png,1
000477.png,1
000478.png,1
000479.png,1
000480.png,1
000481.png,1
000482.png,1
000483.png,1
000484.png,1
000485.png,1
000486.png,1
000487.png,1
000488.png,1
000489.png,1
000490.png,1
000491.png,1
000492.png,1
000493.png,1
000494.png,1
000495.png,1
000496.png,1
000497.png,1
000498.png,1
000499.png,1
000500.png,1
000501.png,1
000502.png,1
000503.png,1
000504.png,1
000505.png,1
000506.png,1
000507.png,1
000508.png,1
000509.png,1
000510.png,1
000511.png,1
000512.png,1
000513.png,1
000514.png,1
000515.png,1
000516.png,1
000517.png,1
000518.png,1
000519.png,1
000520.png,1
000521.png,1
000522.png,1
000523.png,1
000524.png,1
000525.png,1
000526.png,1
000527.png,1
000528.png,1
000529.png,1
000530.png,1
000531.png,1
000532.png,1
000533.png,1
000534.png,1
000535.png,1
000536.png,1
000537.png,1
000538.png,1
000539.png,1
000540.png,1
000541.png,1
000542.png,1
000543.png,1
000544.png,1
000545.png,1
000546.png,1
000547.png,1
000548.png,1
000549.png,1
000550.png,1
000551.png,1
000552.png,1
000553.png,1
000554.png,1
000555.png,1
000556.png,1
000557.png,1
000558.png,1
000559.png,1
000560.png,1
000561.png,1
000562.png,1
000563.png,1
000564.png,1
000565.png,1
000566.png,1
000567.png,1
000568.png,1
000569.png,1
000570.png,1
000571.png,1
000572.png,1
000573.png,1
000574.png,1
000575.png,1
000576.png,1
000577.png,1
000578.png,1
000579.png,1
000580.png,1
000581.png,1
000582.png,1
000583.png,1
000584.png,1
000585.png,1
000586.png,1
000587.png,1
000588.png,1
000589.png,1
000590.png,1
000591.png,1
000592.png,1
000593.png,1
000594.png,1
000595.png,1
000596.png,1
000597.png,1
000598.png,1
000599.png,1
000600.png,1
000601.png,1
000602.png,1
000603.png,1
000604.png,1
000605.png,1
000606.png,1
000607.png,1
000608.png,1
000609.png,1
000610.png,1
000611.png,1
000612.png,1
000613.png,1
000614.png,1
000615.png,1
000616.png,1
000617.png,1
000618.png,1
000619.png,1
000620.png,1
000621.png,1
000622.png,1
000623.png,1
000624.png,1
000625.png,1
000626.png,1
000627.png,1
000628.png,1
000629.png,1
000630.png,1
000631.png,1
000632.png,1
000633.png,1
000634.png,1
000635.png,1
000636.png,1
000637.png,1
000638.png,1
000639.png,1
000640.png,1
000641.png,1
000642.png,1
000643.png,1
000644.png,1
000645.png,1
000646.png,1
000647.png,1
000648.png,1
000649.png,1
000650.png,1
000651.png,1
000652.png,1
000653.png,1
000654.png,1
000655.png,1
000656.png,1
000657.png,1
000658.png,1
000659.png,1
000660.png,1
000661.png,1
000662.png,1
000663.png,1
000664.png,1
000665.png,1
000666.png,1
000667.png,1
000668.png,1
000669.png,1
000670.png,1
000671.png,1
000672.png,1
000673.png,1
000674.png,1
000675.png,1
000676.png,1
000677.png,1
000678.png,1
000679.png,1
000680.png,1
000681.png,1
000682.png,1
000683.png,1
000684.png,1
000685.png,1
000686.png,1
000687.png,1
000688.png,1
000689.png,1
000690.png,1
000691.png,1
000692.png,1
000693.png,1
000694.png,1
000695.png,1
000696.png,1
000697.png,1
000698.png,1
000699.png,1
000700.png,1
000701.png,1
000702.png,1
000703.png,1
000704.png,1
000705.png,1
000706.png,1
000707.png,1
000708.png,1
000709.png,1
000710.png,1
000711.png,1
000712.png,1
000713.png,1
000714.png,1
000715.png,1
000716.png,1
000717.png,1
000718.png,1
000719.png,1
000720.png,1
000721.png,1
000722.png,1
000723.png,1
000724.png,1
000725.png,1
000726.png,1
000727.png,1
000728.png,1
000729.png,1
000730.png,1
000731.png,1
000732.png,1
000733.png,1
000734.png,1
000735.png,1
000736.png,1
000737.png,1
000738.png,1
000739.png,1
000740.png,1
000741.png,1
000742.png,1
000743.png,1
000744.png,1
000745.png,1
000746.png,1
000747.png,1
000748.png,1
000749.png,1
000750.png,1
000751.png,1
000752.png,1
000753.png,1
000754.png,1
000755.png,1
000756.png,1
000757.png,1
000758.png,1
000759.png,1
000760.png,1
000761.png,1
000762.png,1
000763.png,1
000764.png,1
000765.png,1
000766.png,1
000767.png,1
000768.png,1
000769.png,1
000770.png,1
000771.png,1
000772.png,1
000773.png,1
000774.png,1
000775.png,1
000776.png,1
000777.png,1
000778.png,1
000779.png,1
000780.png,1
000781.png,1
000782.png,1
000783.png,1
000784.png,1
000785.png,1
000786.png,1
000787.png,1
000788.png,1
000789.png,1
000790.png,1
000791.png,1
000792.png,1
000793.png,1
000794.png,1
000795.png,1
000796.png,1
000797.png,1
000798.png,1
000799.png,1
000800.png,1
000801.png,1
000802.png,1
000803.png,1
000804.png,1
000805.png,1
000806.png,1
000807.png,1
000808.png,1
000809.png,1
000810.png,1
000811.png,1
000812.png,1
000813.png,1
000814.png,1
000815.png,1
000816.png,1
000817.png,1
000818.png,1
000819.png,1
000820.png,1
000821.png,1
000822.png,1
000823.png,1
000824.png,1
000825.png,1
000826.png,1
000827.png,1
000828.png,1
000829.png,1
000830.png,1
000831.png,1
000832.png,1
000833.png,1
000834.png,1
000835.png,1
000836.png,1
000837.png,1
000838.png,1
000839.png,1
000840.png,1
000841.png,1
000842.png,1
000843.png,1
000844.png,1
000845.png,1
000846.png,1
000847.png,1
000848.png,1
000849.png,1
000850.png,1
000851.png,1
000852.png,1
000853.png,1
000854.png,1
000855.png,1
000856.png,1
000857.png,1
000858.png,1
000859.png,1
000860.png,1
000861.png,1
000862.png,1
000863.png,1
000864.png,1
000865.png,1
000866.png,1
000867.png,1
000868.png,1
000869.png,1
000870.png,1
000871.png,1
000872.png,1
000873.png,1
000874.png,1
000875.png,1
000876.png,1
000877.png,1
000878.png,1
000879.png,1
000880.png,1
000881.png,1
000882.png,1
000883.png,1
000884.png,1
000885.png,1
000886.png,1
000887.png,1
000888.png,1
000889.png,1
000890.png,1
000891.png,1
000892.png,1
000893.png,1
000894.png,1
000895.png,1
000896.png,1
000897.png,1
000898.png,1
000899.png,1
000900.png,1
000901.png,1
000902.png,1
000903.png,1
000904.png,1
000905.png,1
000906.png,1
000907.png,1
000908.png,1
000909.png,1
000910.png,1
000911.png,1
000912.png,1
000913.png,1
000914.png,1
000915.png,1
000916.png,1
000917.png,1
000918.png,1
000919.png,1
000920.png,1
000921.png,1
000922.png,1
000923.png,1
000924.png,1
000925.png,1
000926.png,1
000927.png,1
000928.png,1
000929.png,1
000930.png,1
000931.png,1
000932.png,1
000933.png,1
000934.png,1
000935.png,1
000936.png,1
000937.png,1
000938.png,1
000939.png,1
000940.png,1
000941.png,1
000942.png,1
000943.png,1
000944.png,1
000945.png,1
000946.png,1
000947.png,1
000948.png,1
000949.png,1
000950.png,1
000951.png,1
000952.png,1
000953.png,1
000954.png,1
000955.png,1
000956.png,1
000957.png,1
000958.png,1
000959.png,1
000960.png,1
000961.png,1
000962.png,1
000963.png,1
000964.png,1
000965.png,1
000966.png,1
000967.png,1
000968.png,1
000969.png,1
000970.png,1
000971.png,1
000972.png,1
000973.png,1
000974.png,1
000975.png,1
000976.png,1
000977.png,1
000978.png,1
000979.png,1
000980.png,1
000981.png,1
000982.png,1
000983.png,1
000984.png,1
000985.png,1
000986.png,1
000987.png,1
000988.png,1
000989.png,1
000990.png,1
000991.png,1
000992.png,1
000993.png,1
000994.png,1
000995.png,1
000996.png,1
000997.png,1
000998.png,1
000999.png,1
001000.png,1
001001.png,1
001002.png,1
001003.png,1
001004.png,1
001005.png,1
001006.png,1
001007.png,1
001008.png,1
001009.png,1
001010.png,1
001011.png,1
001012.png,1
001013.png,1
001014.png,1
001015.png,1
001016.png,1
001017.png,1
001018.png,1
001019.png,1
001020.png,1
001021.png,1
001022.png,1
001023.png,1
001024.png,1
001025.png,1
001026.png,1
001027.png,1
001028.png,1
001029.png,1
001030.png,1
001031.png,1
001032.png,1
001033.png,1
001034.png,1
001035.png,1
001036.png,1
001037.png,1
001038.png,1
001039.png,1
001040.png,1
001041.png,1
001042.png,1
001043.png,1
001044.png,1
001045.png,1
001046.png,1
001047.png,1
001048.png,1
001049.png,1
001050.png,1
001051.png,1
001052.png,1
001053.png,1
001054.png,1
001055.png,1
001056.png,1
001057.png,1
001058.png,1
001059.png,1
001060.png,1
001061.png,1
001062.png,1
001063.png,1
001064.png,1
001065.png,1
001066.png,1
001067.png,1
001068.png,1
001069.png,1
001070.png,1
001071.png,1
001072.png,1
001073.png,1
001074.png,1
001075.png,1
001076.png,1
001077.png,1
001078.png,1
001079.png,1
001080.png,1
001081.png,1
001082.png,1
001083.png,1
001084.png,1
001085.png,1
001086.png,1
001087.png,1
001088.png,1
001089.png,1
001090.png,1
001091.png,1
001092.png,1
001093.png,1
001094.png,1
001095.png,1
001096.png,1
001097.png,1
001098.png,1
001099.png,1
001100.png,1
001101.png,1
001102.png,1
001103.png,1
001104.png,1
001105.png,1
001106.png,1
001107.png,1
001108.png,1
001109.png,1
001110.png,1
001111.png,1
001112.png,1
001113.png,1
001114.png,1
001115.png,1
001116.png,1
001117.png,1
001118.png,1
001119.png,1
001120.png,1
001121.png,1
001122.png,1
001123.png,1
001124.png,1
001125.png,1
001126.png,1
001127.png,1
001128.png,1
001129.png,1
001130.png,1
001131.png,1
001132.png,1
001133.png,1
001134.png,1
001135.png,1
001136.png,1
001137.png,1
001138.png,1
001139.png,1
001140.png,1
001141.png,1
001142.png,1
001143.png,1
001144.png,1
001145.png,1
001146.png,1
001147.png,1
001148.png,1
001149.png,1
001150.png,1
001151.png,1
001152.png,1
001153.png,1
001154.png,1
001155.png,1
001156.png,1
001157.png,1
001158.png,1
001159.png,1
001160.png,1
001161.png,1
001162.png,1
001163.png,1
001164.png,1
001165.png,1
001166.png,1
001167.png,1
001168.png,1
001169.png,1
001170.png,1
001171.png,1
001172.png,1
001173.png,1
001174.png,1
001175.png,1
001176.png,1
001177.png,1
001178.png,1
001179.png,1
001180.png,1
001181.png,1
001182.png,1
001183.png,1
001184.png,1
001185.png,1
001186.png,1
001187.png,1
001188.png,1
001189.png,1
001190.png,1
001191.png,1
001192.png,1
001193.png,1
001194.png,1
001195.png,1
001196.png,1
001197.png,1
001198.png,1
001199.png,1
001200.png,1
001201.png,1
001202.png,1
001203.png,1
001204.png,1
001205.png,1
001206.png,1
001207.png,1
001208.png,1
001209.png,1
001210.png,1
001211.png,1
001212.png,1
001213.png,1
001214.png,1
001215.png,1
001216.png,1
001217.png,1
001218.png,1
001219.png,1
001220.png,1
001221.png,1
001222.png,1
001223.png,1
001224.png,1
001225.png,1
001226.png,1
001227.png,1
001228.png,1
001229.png,1
001230.png,1
001231.png,1
001232.png,1
001233.png,1
001234.png,1
001235.png,1
001236.png,1
001237.png,1
001238.png,1
001239.png,1
001240.png,1
001241.png,1
001242.png,1
001243.png,1
001244.png,1
001245.png,1
001246.png,1
001247.png,1
001248.png,1
001249.png,1
001250.png,1
001251.png,1
001252.png,1
001253.png,1
001254.png,1
001255.png,1
001256.png,1
001257.png,1
001258.png,1
001259.png,1
001260.png,1
001261.png,1
001262.png,1
001263.png,1
001264.png,1
001265.png,1
001266.png,1
001267.png,1
001268.png,1
001269.png,1
001270.png,1
001271.png,1
001272.png,1
001273.png,1
001274.png,1
001275.png,1
001276.png,1
001277.png,1
001278.png,1
001279.png,1
001280.png,1
001281.png,1
001282.png,1
001283.png,1
001284.png,1
001285.png,1
001286.png,1
001287.png,1
001288.png,1
001289.png,1
001290.png,1
001291.png,1
001292.png,1
001293.png,1
001294.png,1
001295.png,1
001296.png,1
001297.png,1
001298.png,1
001299.png,1
001300.png,1
001301.png,1
001302.png,1
001303.png,1
001304.png,1
001305.png,1
001306.png,1
001307.png,1
001308.png,1
001309.png,1
001310.png,1
001311.png,1
001312.png,1
001313.png,1
001314.png,1
001315.png,1
001316.png,1
001317.png,1
001318.png,1
001319.png,1
001320.png,1
001321.png,1
001322.png,1
001323.png,1
001324.png,1
001325.png,1
001326.png,1
001327.png,1
001328.png,1
001329.png,1
001330.png,1
001331.png,1
001332.png,1
001333.png,1
001334.png,1
001335.png,1
001336.png,1
001337.png,1
001338.png,1
001339.png,1
001340.png,1
001341.png,1
001342.png,1
001343.png,1
001344.png,1
001345.png,1
001346.png,1
001347.png,1
001348.png,1
001349.png,1
001350.png,1
001351.png,1
001352.png,1
001353.png,1
001354.png,1
001355.png,1
001356.png,1
001357.png,1
001358.png,1
001359.png,1
001360.png,1
001361.png,1
001362.png,1
001363.png,1
001364.png,1
001365.png,1
001366.png,1
001367.png,1
001368.png,1
001369.png,1
001370.png,1
001371.png,1
001372.png,1
001373.png,1
001374.png,1
001375.png,1
001376.png,1
001377.png,1
001378.png,1
001379.png,1
001380.png,1
001381.png,1
001382.png,1
001383.png,1
001384.png,1
001385.png,1
001386.png,1
001387.png,1
001388.png,1
001389.png,1
001390.png,1
001391.png,1
001392.png,1
001393.png,1
001394.png,1
001395.png,1
001396.png,1
001397.png,1
001398.png,1
001399.png,1
001400.png,1
001401.png,1
001402.png,1
001403.png,1
001404.png,1
001405.png,1
001406.png,1
001407.png,1
001408.png,1
001409.png,1
001410.png,1
001411.png,1
001412.png,1
001413.png,1
001414.png,1
001415.png,1
001416.png,1
001417.png,1
001418.png,1
001419.png,1
001420.png,1
001421.png,1
001422.png,1
001423.png,1
001424.png,1
001425.png,1
001426.png,1
001427.png,1
001428.png,1
001429.png,1
001430.png,1
001431.png,1
001432.png,1
001433.png,1
001434.png,1
001435.png,1
001436.png,1
001437.png,1
001438.png,1
001439.png,1
001440.png,1
001441.png,1
001442.png,1
001443.png,1
001444.png,1
001445.png,1
001446.png,1
001447.png,1
001448.png,1
001449.png,1
001450.png,1
001451.png,1
001452.png,1
001453.png,1
001454.png,1
001455.png,1
001456.png,1
001457.png,1
001458.png,1
001459.png,1
001460.png,1
001461.png,1
001462.png,1
001463.png,1
001464.png,1
001465.png,1
001466.png,1
001467.png,1
001468.png,1
001469.png,1
001470.png,1
001471.png,1
001472.png,1
001473.png,1
001474.png,1
001475.png,1
001476.png,1
001477.png,1
001478.png,1
001479.png,1
001480.png,1
001481.png,1
001482.png,1
001483.png,1
001484.png,1
001485.png,1
001486.png,1
001487.png,1
001488.png,1
001489.png,1
001490.png,1
001491.png,1
001492.png,1
001493.png,1
001494.png,1
001495.png,1
001496.png,1
001497.png,1
001498.png,1
001499.png,1
001500.png,1
001501.png,1
001502.png,1
001503.png,1
001504.png,1
001505.png,1
001506.png,1
001507.png,1
001508.png,1
001509.png,1
001510.png,1
001511.png,1
001512.png,1
001513.png,1
001514.png,1
001515.png,1
001516.png,1
001517.png,1
001518.png,1
001519.png,1
001520.png,1
001521.png,1
001522.png,1
001523.png,1
001524.png,1
001525.png,1
001526.png,1
001527.png,1
001528.png,1
001529.png,1
001530.png,1
001531.png,1
001532.png,1
001533.png,1
001534.png,1
001535.png,1
001536.png,1
001537.png,1
001538.png,1
001539.png,1
001540.png,1
001541.png,1
001542.png,1
001543.png,1
001544.png,1
001545.png,1
001546.png,1
001547.png,1
001548.png,1
001549.png,1
001550.png,1
001551.png,1
001552.png,1
001553.png,1
001554.png,1
001555.png,1
001556.png,1
001557.png,1
001558.png,1
001559.png,1
001560.png,1
001561.png,1
001562.png,1
001563.png,1
001564.png,1
001565.png,1
001566.png,1
001567.png,1
001568.png,1
001569.png,1
001570.png,1
001571.png,1
001572.png,1
001573.png,1
001574.png,1
001575.png,1
001576.png,1
001577.png,1
001578.png,1
001579.png,1
001580.png,1
001581.png,1
001582.png,1
001583.png,1
001584.png,1
001585.png,1
001586.png,1
001587.png,1
001588.png,1
001589.png,1
001590.png,1
001591.png,1
001592.png,1
001593.png,1
001594.png,1
001595.png,1
001596.png,1
001597.png,1
001598.png,1
001599.png,1
001600.png,1
001601.png,1
001602.png,1
001603.png,1
001604.png,1
001605.png,1
001606.png,1
001607.png,1
001608.png,1
001609.png,1
001610.png,1
001611.png,1
001612.png,1
001613.png,1
001614.png,1
001615.png,1
001616.png,1
001617.png,1
001618.png,1
001619.png,1
001620.png,1
001621.png,1
001622.png,1
001623.png,1
001624.png,1
001625.png,1
001626.png,1
001627.png,1
001628.png,1
001629.png,1
001630.png,1
001631.png,1
001632.png,1
001633.png,1
001634.png,1
001635.png,1
001636.png,1
001637.png,1
001638.png,1
001639.png,1
001640.png,1
001641.png,1
001642.png,1
001643.png,1
001644.png,1
001645.png,1
001646.png,1
001647.png,1
001648.png,1
001649.png,1
001650.png,1
001651.png,1
001652.png,1
001653.png,1
001654.png,1
001655.png,1
001656.png,1
001657.png,1
001658.png,1
001659.png,1
001660.png,1
001661.png,1
001662.png,1
001663.png,1
001664.png,1
001665.png,1
001666.png,1
001667.png,1
001668.png,1
001669.png,1
001670.png,1
001671.png,1
001672.png,1
001673.png,1
001674.png,1
001675.png,1
001676.png,1
001677.png,1
001678.png,1
001679.png,1
001680.png,1
001681.png,1
001682.png,1
001683.png,1
001684.png,1
001685.png,1
001686.png,1
001687.png,1
001688.png,1
001689.png,1
001690.png,1
001691.png,1
001692.png,1
001693.png,1
001694.png,1
001695.png,1
001696.png,1
001697.png,1
001698.png,1
001699.png,1
001700.png,1
001701.png,1
001702.png,1
001703.png,1
001704.png,1
001705.png,1
001706.png,1
001707.png,1
001708.png,1
001709.png,1
001710.png,1
001711.png,1
001712.png,1
001713.png,1
001714.png,1
001715.png,1
001716.png,1
001717.png,1
001718.png,1
001719.png,1
001720.png,1
001721.png,1
001722.png,1
001723.png,1
001724.png,1
001725.png,1
001726.png,1
001727.png,1
001728.png,1
001729.png,1
001730.png,1
001731.png,1
001732.png,1
001733.png,1
001734.png,1
001735.png,1
001736.png,1
001737.png,1
001738.png,1
001739.png,1
001740.png,1
001741.png,1
001742.png,1
001743.png,1
001744.png,1
001745.png,1
001746.png,1
001747.png,1
001748.png,1
001749.png,1
001750.png,1
001751.png,1
001752.png,1
001753.png,1
001754.png,1
001755.png,1
001756.png,1
001757.png,1
001758.png,1
001759.png,1
001760.png,1
001761.png,1
001762.png,1
001763.png,1
001764.png,1
001765.png,1
001766.png,1
001767.png,1
001768.png,1
001769.png,1
001770.png,1
001771.png,1
001772.png,1
001773.png,1
001774.png,1
001775.png,1
001776.png,1
001777.png,1
001778.png,1
001779.png,1
001780.png,1
001781.png,1
001782.png,1
001783.png,1
001784.png,1
001785.png,1
001786.png,1
001787.png,1
001788.png,1
001789.png,1
001790.png,1
001791.png,1
001792.png,1
001793.png,1
001794.png,1
001795.png,1
001796.png,1
001797.png,1
001798.png,1
001799.png,1
001800.png,1
001801.png,1
001802.png,1
001803.png,1
001804.png,1
001805.png,1
001806.png,1
001807.png,1
001808.png,1
001809.png,1
001810.png,1
001811.png,1
001812.png,1
001813.png,1
001814.png,1
001815.png,1
001816.png,1
001817.png,1
001818.png,1
001819.png,1
001820.png,1
001821.png,1
001822.png,1
001823.png,1
001824.png,1
001825.png,1
001826.png,1
001827.png,1
001828.png,1
001829.png,1
001830.png,1
001831.png,1
001832.png,1
001833.png,1
001834.png,1
001835.png,1
001836.png,1
001837.png,1
001838.png,1
001839.png,1
001840.png,1
001841.png,1
001842.png,1
001843.png,1
001844.png,1
001845.png,1
001846.png,1
001847.png,1
001848.png,1
001849.png,1
001850.png,1
001851.png,1
001852.png,1
001853.png,1
001854.png,1
001855.png,1
001856.png,1
001857.png,1
001858.png,1
001859.png,1
001860.png,1
001861.png,1
001862.png,1
001863.png,1
001864.png,1
001865.png,1
001866.png,1
001867.png,1
001868.png,1
001869.png,1
001870.png,1
001871.png,1
001872.png,1
001873.png,1
001874.png,1
001875.png,1
001876.png,1
001877.png,1
001878.png,1
001879.png,1
001880.png,1
001881.png,1
001882.png,1
001883.png,1
001884.png,1
001885.png,1
001886.png,1
001887.png,1
001888.png,1
001889.png,1
001890.png,1
001891.png,1
001892.png,1
001893.png,1
001894.png,1
001895.png,1
001896.png,1
001897.png,1
001898.png,1
001899.png,1
001900.png,1
001901.png,1
001902.png,1
001903.png,1
001904.png,1
001905.png,1
001906.png,1
001907.png,1
001908.png,1
001909.png,1
001910.png,1
001911.png,1
001912.png,1
001913.png,1
001914.png,1
001915.png,1
001916.png,1
001917.png,1
001918.png,1
001919.png,1
001920.png,1
001921.png,1
001922.png,1
001923.png,1
001924.png,1
001925.png,1
001926.png,1
001927.png,1
001928.png,1
001929.png,1
001930.png,1
001931.png,1
001932.png,1
001933.png,1
001934.png,1
001935.png,1
001936.png,1
001937.png,1
001938.png,1
001939.png,1
001940.png,1
001941.png,1
001942.png,1
001943.png,1
001944.png,1
001945.png,1
001946.png,1
001947.png,1
001948.png,1
001949.png,1
001950.png,1
001951.png,1
001952.png,1
001953.png,1
001954.png,1
001955.png,1
001956.png,1
001957.png,1
001958.png,1
001959.png,1
001960.png,1
001961.png,1
001962.png,1
001963.png,1
001964.png,1
001965.png,1
001966.png,1
001967.png,1
001968.png,1
001969.png,1
001970.png,1
001971.png,1
001972.png,1
001973.png,1
001974.png,1
001975.png,1
001976.png,1
001977.png,1
001978.png,1
001979.png,1
001980.png,1
001981.png,1
001982.png,1
001983.png,1
001984.png,1
001985.png,1
001986.png,1
001987.png,1
001988.png,1
001989.png,1
001990.png,1
001991.png,1
001992.png,1
001993.png,1
001994.png,1
001995.png,1
001996.png,1
001997.png,1
001998.png,1
001999.png,1
002000.png,1
002001.png,1
002002.png,1
002003.png,1
002004.png,1
002005.png,1
002006.png,1
002007.png,1
002008.png,1
002009.png,1
002010.png,1
002011.png,1
002012.png,1
002013.png,1
002014.png,1
002015.png,1
002016.png,1
002017.png,1
002018.png,1
002019.png,1
002020.png,1
002021.png,1
002022.png,1
002023.png,1
002024.png,1
002025.png,1
002026.png,1
002027.png,1
002028.png,1
002029.png,1
002030.png,1
002031.png,1
002032.png,1
002033.png,1
002034.png,1
002035.png,1
002036.png,1
002037.png,1
002038.png,1
002039.png,1
002040.png,1
002041.png,1
002042.png,1
002043.png,1
002044.png,1
002045.png,1
002046.png,1
002047.png,1
002048.png,1
002049.png,1
002050.png,1
002051.png,1
002052.png,1
002053.png,1
002054.png,1
002055.png,1
002056.png,1
002057.png,1
002058.png,1
002059.png,1
002060.png,1
002061.png,1
002062.png,1
002063.png,1
002064.png,1
002065.png,1
002066.png,1
002067.png,1
002068.png,1
002069.png,1
002070.png,1
002071.png,1
002072.png,1
002073.png,1
002074.png,1
002075.png,1
002076.png,1
002077.png,1
002078.png,1
002079.png,1
002080.png,1
002081.png,1
002082.png,1
002083.png,1
002084.png,1
002085.png,1
002086.png,1
002087.png,1
002088.png,1
002089.png,1
002090.png,1
002091.png,1
002092.png,1
002093.png,1
002094.png,1
002095.png,1
002096.png,1
002097.png,1
002098.png,1
002099.png,1
002100.png,1
002101.png,1
002102.png,1
002103.png,1
002104.png,1
002105.png,1
002106.png,1
002107.png,1
002108.png,1
002109.png,1
002110.png,1
002111.png,1
002112.png,1
002113.png,1
002114.png,1
002115.png,1
002116.png,1
002117.png,1
002118.png,1
002119.png,1
002120.png,1
002121.png,1
002122.png,1
002123.png,1
002124.png,1
002125.png,1
002126.png,1
002127.png,1
002128.png,1
002129.png,1
002130.png,1
002131.png,1
002132.png,1
002133.png,1
002134.png,1
002135.png,1
002136.png,1
002137.png,1
002138.png,1
002139.png,1
002140.png,1
002141.png,1
002142.png,1
002143.png,1
002144.png,1
002145.png,1
002146.png,1
002147.png,1
002148.png,1
002149.png,1
002150.png,1
002151.png,1
002152.png,1
002153.png,1
002154.png,1
002155.png,1
002156.png,1
002157.png,1
002158.png,1
002159.png,1
002160.png,1
002161.png,1
002162.png,1
002163.png,1
002164.png,1
002165.png,1
002166.png,1
002167.png,1
002168.png,1
002169.png,1
002170.png,1
002171.png,1
002172.png,1
002173.png,1
002174.png,1
002175.png,1
002176.png,1
002177.png,1
002178.png,1
002179.png,1
002180.png,1
002181.png,1
002182.png,1
002183.png,1
002184.png,1
002185.png,1
002186.png,1
002187.png,1
002188.png,1
002189.png,1
002190.png,1
002191.png,1
002192.png,1
002193.png,1
002194.png,1
002195.png,1
002196.png,1
002197.png,1
002198.png,1
002199.png,1
002200.png,1
002201.png,1
002202.png,1
002203.png,1
002204.png,1
002205.png,1
002206.png,1
002207.png,1
002208.png,1
002209.png,1
002210.png,1
002211.png,1
002212.png,1
002213.png,1
002214.png,1
002215.png,1
002216.png,1
002217.png,1
002218.png,1
002219.png,1
002220.png,1
002221.png,1
002222.png,1
002223.png,1
002224.png,1
002225.png,1
002226.png,1
002227.png,1
002228.png,1
002229.png,1
002230.png,1
002231.png,1
002232.png,1
002233.png,1
002234.png,1
002235.png,1
002236.png,1
002237.png,1
002238.png,1
002239.png,1
002240.png,1
002241.png,1
002242.png,1
002243.png,1
002244.png,1
002245.png,1
002246.png,1
002247.png,1
002248.png,1
002249.png,1
002250.png,1
002251.png,1
002252.png,1
002253.png,1
002254.png,1
002255.png,1
002256.png,1
002257.png,1
002258.png,1
002259.png,1
002260.png,1
002261.png,1
002262.png,1
002263.png,1
002264.png,1
002265.png,1
002266.png,1
002267.png,1
002268.png,1
002269.png,1
002270.png,1
002271.png,1
002272.png,1
002273.png,1
002274.png,1
002275.png,1
002276.png,1
002277.png,1
002278.png,1
002279.png,1
002280.png,1
002281.png,1
002282.png,1
002283.png,1
002284.png,1
002285.png,1
002286.png,1
002287.png,1
002288.png,1
002289.png,1
002290.png,1
002291.png,1
002292.png,1
002293.png,1
002294.png,1
002295.png,1
002296.png,1
002297.png,1
002298.png,1
002299.png,1
002300.png,1
002301.png,1
002302.png,1
002303.png,1
002304.png,1
002305.png,1
002306.png,1
002307.png,1
002308.png,1
002309.png,1
002310.png,1
002311.png,1
002312.png,1
002313.png,1
002314.png,1
002315.png,1
002316.png,1
002317.png,1
002318.png,1
002319.png,1
002320.png,1
002321.png,1
002322.png,1
002323.png,1
002324.png,1
002325.png,1
002326.png,1
002327.png,1
002328.png,1
002329.png,1
002330.png,1
002331.png,1
002332.png,1
002333.png,1
002334.png,1
002335.png,1
002336.png,1
002337.png,1
002338.png,1
002339.png,1
002340.png,1
002341.png,1
002342.png,1
002343.png,1
002344.png,1
002345.png,1
002346.png,1
002347.png,1
002348.png,1
002349.png,1
002350.png,1
002351.png,1
002352.png,1
002353.png,1
002354.png,1
002355.png,1
002356.png,1
002357.png,1
002358.png,1
002359.png,1
002360.png,1
002361.png,1
002362.png,1
002363.png,1
002364.png,1
002365.png,1
002366.png,1
002367.png,1
002368.png,1
002369.png,1
002370.png,1
002371.png,1
002372.png,1
002373.png,1
002374.png,1
002375.png,1
002376.png,1
002377.png,1
002378.png,1
002379.png,1
002380.png,1
002381.png,1
002382.png,1
002383.png,1
002384.png,1
002385.png,1
002386.png,1
002387.png,1
002388.png,1
002389.png,1
002390.png,1
002391.png,1
002392.png,1
002393.png,1
002394.png,1
002395.png,1
002396.png,1
002397.png,1
002398.png,1
002399.png,1
002400.png,1
002401.png,1
002402.png,1
002403.png,1
002404.png,1
002405.png,1
002406.png,1
002407.png,1
002408.png,1
002409.png,1
002410.png,1
002411.png,1
002412.png,1
002413.png,1
002414.png,1
002415.png,1
002416.png,1
002417.png,1
002418.png,1
002419.png,1
002420.png,1
002421.png,1
002422.png,1
002423.png,1
002424.png,1
002425.png,1
002426.png,1
002427.png,1
002428.png,1
002429.png,1
002430.png,1
002431.png,1
002432.png,1
002433.png,1
002434.png,1
002435.png,1
002436.png,1
002437.png,1
002438.png,1
002439.png,1
002440.png,1
002441.png,1
002442.png,1
002443.png,1
002444.png,1
002445.png,1
002446.png,1
002447.png,1
002448.png,1
002449.png,1
002450.png,1
002451.png,1
002452.png,1
002453.png,1
002454.png,1
002455.png,1
002456.png,1
002457.png,1
002458.png,1
002459.png,1
002460.png,1
002461.png,1
002462.png,1
002463.png,1
002464.png,1
002465.png,1
002466.png,1
002467.png,1
002468.png,1
002469.png,1
002470.png,1
002471.png,1
002472.png,1
002473.png,1
002474.png,1
002475.png,1
002476.png,1
002477.png,1
002478.png,1
002479.png,1
002480.png,1
002481.png,1
002482.png,1
002483.png,1
002484.png,1
002485.png,1
002486.png,1
002487.png,1
002488.png,1
002489.png,1
002490.png,1
002491.png,1
002492.png,1
002493.png,1
002494.png,1
002495.png,1
002496.png,1
002497.png,1
002498.png,1
002499.png,1
002500.png,1
002501.png,1
002502.png,1
002503.png,1
002504.png,1
002505.png,1
002506.png,1
002507.png,1
002508.png,1
002509.png,1
002510.png,1
002511.png,1
002512.png,1
002513.png,1
002514.png,1
002515.png,1
002516.png,1
002517.png,1
002518.png,1
002519.png,1
002520.png,1
002521.png,1
002522.png,1
002523.png,1
002524.png,1
002525.png,1
002526.png,1
002527.png,1
002528.png,1
002529.png,1
002530.png,1
002531.png,1
002532.png,1
002533.png,1
002534.png,1
002535.png,1
002536.png,1
002537.png,1
002538.png,1
002539.png,1
002540.png,1
002541.png,1
002542.png,1
002543.png,1
002544.png,1
002545.png,1
002546.png,1
002547.png,1
002548.png,1
002549.png,1
002550.png,1
002551.png,1
002552.png,1
002553.png,1
002554.png,1
002555.png,1
002556.png,1
002557.png,1
002558.png,1
002559.png,1
002560.png,1
002561.png,1
002562.png,1
002563.png,1
002564.png,1
002565.png,1
002566.png,1
002567.png,1
002568.png,1
002569.png,1
002570.png,1
002571.png,1
002572.png,1
002573.png,1
002574.png,1
002575.png,1
002576.png,1
002577.png,1
002578.png,1
002579.png,1
002580.png,1
002581.png,1
002582.png,1
002583.png,1
002584.png,1
002585.png,1
002586.png,1
002587.png,1
002588.png,1
002589.png,1
002590.png,1
002591.png,1
002592.png,1
002593.png,1
002594.png,1
002595.png,1
002596.png,1
002597.png,1
002598.png,1
002599.png,1
002600.png,1
002601.png,1
002602.png,1
002603.png,1
002604.png,1
002605.png,1
002606.png,1
002607.png,1
002608.png,1
002609.png,1
002610.png,1
002611.png,1
002612.png,1
002613.png,1
002614.png,1
002615.png,1
002616.png,1
002617.png,1
002618.png,1
002619.png,1
002620.png,1
002621.png,1
002622.png,1
002623.png,1
002624.png,1
002625.png,1
002626.png,1
002627.png,1
002628.png,1
002629.png,1
002630.png,1
002631.png,1
002632.png,1
002633.png,1
002634.png,1
002635.png,1
002636.png,1
002637.png,1
002638.png,1
002639.png,1
002640.png,1
002641.png,1
002642.png,1
002643.png,1
002644.png,1
002645.png,1
002646.png,1
002647.png,1
002648.png,1
002649.png,1
002650.png,1
002651.png,1
002652.png,1
002653.png,1
002654.png,1
002655.png,1
002656.png,1
002657.png,1
002658.png,1
002659.png,1
002660.png,1
002661.png,1
002662.png,1
002663.png,1
002664.png,1
002665.png,1
002666.png,1
002667.png,1
002668.png,1
002669.png,1
002670.png,1
002671.png,1
002672.png,1
002673.png,1
002674.png,1
002675.png,1
002676.png,1
002677.png,1
002678.png,1
002679.png,1
002680.png,1
002681.png,1
002682.png,1
002683.png,1
002684.png,1
002685.png,1
002686.png,1
002687.png,1
002688.png,1
002689.png,1
002690.png,1
002691.png,1
002692.png,1
002693.png,1
002694.png,1
002695.png,1
002696.png,1
002697.png,1
002698.png,1
002699.png,1
002700.png,1
002701.png,1
002702.png,1
002703.png,1
002704.png,1
002705.png,1
002706.png,1
002707.png,1
002708.png,1
002709.png,1
002710.png,1
002711.png,1
002712.png,1
002713.png,1
002714.png,1
002715.png,1
002716.png,1
002717.png,1
002718.png,1
002719.png,1
002720.png,1
002721.png,1
002722.png,1
002723.png,1
002724.png,1
002725.png,1
002726.png,1
002727.png,1
002728.png,1
002729.png,1
002730.png,1
002731.png,1
002732.png,1
002733.png,1
002734.png,1
002735.png,1
002736.png,1
002737.png,1
002738.png,1
002739.png,1
002740.png,1
002741.png,1
002742.png,1
002743.png,1
002744.png,1
002745.png,1
002746.png,1
002747.png,1
002748.png,1
002749.png,1
002750.png,1
002751.png,1
002752.png,1
002753.png,1
002754.png,1
002755.png,1
002756.png,1
002757.png,1
002758.png,1
002759.png,1
002760.png,1
002761.png,1
002762.png,1
002763.png,1
002764.png,1
002765.png,1
002766.png,1
002767.png,1
002768.png,1
002769.png,1
002770.png,1
002771.png,1
002772.png,1
002773.png,1
002774.png,1
002775.png,1
002776.png,1
002777.png,1
002778.png,1
002779.png,1
002780.png,1
002781.png,1
002782.png,1
002783.png,1
002784.png,1
002785.png,1
002786.png,1
002787.png,1
002788.png,1
002789.png,1
002790.png,1
002791.png,1
002792.png,1
002793.png,1
002794.png,1
002795.png,1
002796.png,1
002797.png,1
002798.png,1
002799.png,1
002800.png,1
002801.png,1
002802.png,1
002803.png,1
002804.png,1
002805.png,1
002806.png,1
002807.png,1
002808.png,1
002809.png,1
002810.png,1
002811.png,1
002812.png,1
002813.png,1
002814.png,1
002815.png,1
002816.png,1
002817.png,1
002818.png,1
002819.png,1
002820.png,1
002821.png,1
002822.png,1
002823.png,1
002824.png,1
002825.png,1
002826.png,1
002827.png,1
002828.png,1
002829.png,1
002830.png,1
002831.png,1
002832.png,1
002833.png,1
002834.png,1
002835.png,1
002836.png,1
002837.png,1
002838.png,1
002839.png,1
002840.png,1
002841.png,1
002842.png,1
002843.png,1
002844.png,1
002845.png,1
002846.png,1
002847.png,1
002848.png,1
002849.png,1
002850.png,1
002851.png,1
002852.png,1
002853.png,1
002854.png,1
002855.png,1
002856.png,1
002857.png,1
002858.png,1
002859.png,1
002860.png,1
002861.png,1
002862.png,1
002863.png,1
002864.png,1
002865.png,1
002866.png,1
002867.png,1
002868.png,1
002869.png,1
002870.png,1
002871.png,1
002872.png,1
002873.png,1
002874.png,1
002875.png,1
002876.png,1
002877.png,1
002878.png,1
002879.png,1
002880.png,1
002881.png,1
002882.png,1
002883.png,1
002884.png,1
002885.png,1
002886.png,1
002887.png,1
002888.png,1
002889.png,1
002890.png,1
002891.png,1
002892.png,1
002893.png,1
002894.png,1
002895.png,1
002896.png,1
002897.png,1
002898.png,1
002899.png,1
002900.png,1
002901.png,1
002902.png,1
002903.png,1
002904.png,1
002905.png,1
002906.png,1
002907.png,1
002908.png,1
002909.png,1
002910.png,1
002911.png,1
002912.png,1
002913.png,1
002914.png,1
002915.png,1
002916.png,1
002917.png,1
002918.png,1
002919.png,1
002920.png,1
002921.png,1
002922.png,1
002923.png,1
002924.png,1
002925.png,1
002926.png,1
002927.png,1
002928.png,1
002929.png,1
002930.png,1
002931.png,1
002932.png,1
002933.png,1
002934.png,1
002935.png,1
002936.png,1
002937.png,1
002938.png,1
002939.png,1
002940.png,1
002941.png,1
002942.png,1
002943.png,1
002944.png,1
002945.png,1
002946.png,1
002947.png,1
002948.png,1
002949.png,1
002950.png,1
002951.png,1
002952.png,1
002953.png,1
002954.png,1
002955.png,1
002956.png,1
002957.png,1
002958.png,1
002959.png,1
002960.png,1
002961.png,1
002962.png,1
002963.png,1
002964.png,1
002965.png,1
002966.png,1
002967.png,1
002968.png,1
002969.png,1
002970.png,1
002971.png,1
002972.png,1
002973.png,1
002974.png,1
002975.png,1
002976.png,1
002977.png,1
002978.png,1
002979.png,1
002980.png,1
002981.png,1
002982.png,1
002983.png,1
002984.png,1
002985.png,1
002986.png,1
002987.png,1
002988.png,1
002989.png,1
002990.png,1
002991.png,1
002992.png,1
002993.png,1
002994.png,1
002995.png,1
002996.png,1
002997.png,1
002998.png,1
002999.png,1
003000.png,1
003001.png,1
003002.png,1
003003.png,1
003004.png,1
003005.png,1
003006.png,1
003007.png,1
003008.png,1
003009.png,1
003010.png,1
003011.png,1
003012.png,1
003013.png,1
003014.png,1
003015.png,1
003016.png,1
003017.png,1
003018.png,1
003019.png,1
003020.png,1
003021.png,1
003022.png,1
003023.png,1
003024.png,1
003025.png,1
003026.png,1
003027.png,1
003028.png,1
003029.png,1
003030.png,1
003031.png,1
003032.png,1
003033.png,1
003034.png,1
003035.png,1
003036.png,1
003037.png,1
003038.png,1
003039.png,1
003040.png,1
003041.png,1
003042.png,1
003043.png,1
003044.png,1
003045.png,1
003046.png,1
003047.png,1
003048.png,1
003049.png,1
003050.png,1
003051.png,1
003052.png,1
003053.png,1
003054.png,1
003055.png,1
003056.png,1
003057.png,1
003058.png,1
003059.png,1
003060.png,1
003061.png,1
003062.png,1
003063.png,1
003064.png,1
003065.png,1
003066.png,1
003067.png,1
003068.png,1
003069.png,1
003070.png,1
003071.png,1
003072.png,1
003073.png,1
003074.png,1
003075.png,1
003076.png,1
003077.png,1
003078.png,1
003079.png,1
003080.png,1
003081.png,1
003082.png,1
003083.png,1
003084.png,1
003085.png,1
003086.png,1
003087.png,1
003088.png,1
003089.png,1
003090.png,1
003091.png,1
003092.png,1
003093.png,1
003094.png,1
003095.png,1
003096.png,1
003097.png,1
003098.png,1
003099.png,1
003100.png,1
003101.png,1
003102.png,1
003103.png,1
003104.png,1
003105.png,1
003106.png,1
003107.png,1
003108.png,1
003109.png,1
003110.png,1
003111.png,1
003112.png,1
003113.png,1
003114.png,1
003115.png,1
003116.png,1
003117.png,1
003118.png,1
003119.png,1
003120.png,1
003121.png,1
003122.png,1
003123.png,1
003124.png,1
003125.png,1
003126.png,1
003127.png,1
003128.png,1
003129.png,1
003130.png,1
003131.png,1
003132.png,1
003133.png,1
003134.png,1
003135.png,1
003136.png,1
003137.png,1
003138.png,1
003139.png,1
003140.png,1
003141.png,1
003142.png,1
003143.png,1
003144.png,1
003145.png,1
003146.png,1
003147.png,1
003148.png,1
003149.png,1
003150.png,1
003151.png,1
003152.png,1
003153.png,1
003154.png,1
003155.png,1
003156.png,1
003157.png,1
003158.png,1
003159.png,1
003160.png,1
003161.png,1
003162.png,1
003163.png,1
003164.png,1
003165.png,1
003166.png,1
003167.png,1
003168.png,1
003169.png,1
003170.png,1
003171.png,1
003172.png,1
003173.png,1
003174.png,1
003175.png,1
003176.png,1
003177.png,1
003178.png,1
003179.png,1
003180.png,1
003181.png,1
003182.png,1
003183.png,1
003184.png,1
003185.png,1
003186.png,1
003187.png,1
003188.png,1
003189.png,1
003190.png,1
003191.png,1
003192.png,1
003193.png,1
003194.png,1
003195.png,1
003196.png,1
003197.png,1
003198.png,1
003199.png,1
003200.png,1
003201.png,1
003202.png,1
003203.png,1
003204.png,1
003205.png,1
003206.png,1
003207.png,1
003208.png,1
003209.png,1
003210.png,1
003211.png,1
003212.png,1
003213.png,1
003214.png,1
003215.png,1
003216.png,1
003217.png,1
003218.png,1
003219.png,1
003220.png,1
003221.png,1
003222.png,1
003223.png,1
003224.png,1
003225.png,1
003226.png,1
003227.png,1
003228.png,1
003229.png,1
003230.png,1
003231.png,1
003232.png,1
003233.png,1
003234.png,1
003235.png,1
003236.png,1
003237.png,1
003238.png,1
003239.png,1
003240.png,1
003241.png,1
003242.png,1
003243.png,1
003244.png,1
003245.png,1
003246.png,1
003247.png,1
003248.png,1
003249.png,1
003250.png,1
003251.png,1
003252.png,1
003253.png,1
003254.png,1
003255.png,1
003256.png,1
003257.png,1
003258.png,1
003259.png,1
003260.png,1
003261.png,1
003262.png,1
003263.png,1
003264.png,1
003265.png,1
003266.png,1
003267.png,1
003268.png,1
003269.png,1
003270.png,1
003271.png,1
003272.png,1
003273.png,1
003274.png,1
003275.png,1
003276.png,1
003277.png,1
003278.png,1
003279.png,1
003280.png,1
003281.png,1
003282.png,1
003283.png,1
003284.png,1
003285.png,1
003286.png,1
003287.png,1
003288.png,1
003289.png,1
003290.png,1
003291.png,1
003292.png,1
003293.png,1
003294.png,1
003295.png,1
003296.png,1
003297.png,1
003298.png,1
003299.png,1
003300.png,1
003301.png,1
003302.png,1
003303.png,1
003304.png,1
003305.png,1
003306.png,1
003307.png,1
003308.png,1
003309.png,1
003310.png,1
003311.png,1
003312.png,1
003313.png,1
003314.png,1
003315.png,1
003316.png,1
003317.png,1
003318.png,1
003319.png,1
003320.png,1
003321.png,1
003322.png,1
003323.png,1
003324.png,1
003325.png,1
003326.png,1
003327.png,1
003328.png,1
003329.png,1
003330.png,1
003331.png,1
003332.png,1
003333.png,1
003334.png,1
003335.png,1
003336.png,1
003337.png,1
003338.png,1
003339.png,1
003340.png,1
003341.png,1
003342.png,1
003343.png,1
003344.png,1
003345.png,1
003346.png,1
003347.png,1
003348.png,1
003349.png,1
003350.png,1
003351.png,1
003352.png,1
003353.png,1
003354.png,1
003355.png,1
003356.png,1
003357.png,1
003358.png,1
003359.png,1
003360.png,1
003361.png,1
003362.png,1
003363.png,1
003364.png,1
003365.png,1
003366.png,1
003367.png,1
003368.png,1
003369.png,1
003370.png,1
003371.png,1
003372.png,1
003373.png,1
003374.png,1
003375.png,1
003376.png,1
003377.png,1
003378.png,1
003379.png,1
003380.png,1
003381.png,1
003382.png,1
003383.png,1
003384.png,1
003385.png,1
003386.png,1
003387.png,1
003388.png,1
003389.png,1
003390.png,1
003391.png,1
003392.png,1
003393.png,1
003394.png,1
003395.png,1
003396.png,1
003397.png,1
003398.png,1
003399.png,1
003400.png,1
003401.png,1
003402.png,1
003403.png,1
003404.png,1
003405.png,1
003406.png,1
003407.png,1
003408.png,1
003409.png,1
003410.png,1
003411.png,1
003412.png,1
003413.png,1
003414.png,1
003415.png,1
003416.png,1
003417.png,1
003418.png,1
003419.png,1
003420.png,1
003421.png,1
003422.png,1
003423.png,1
003424.png,1
003425.png,1
003426.png,1
003427.png,1
003428.png,1
003429.png,1
003430.png,1
003431.png,1
003432.png,1
003433.png,1
003434.png,1
003435.png,1
003436.png,1
003437.png,1
003438.png,1
003439.png,1
003440.png,1
003441.png,1
003442.png,1
003443.png,1
003444.png,1
003445.png,1
003446.png,1
003447.png,1
003448.png,1
003449.png,1
003450.png,1
003451.png,1
003452.png,1
003453.png,1
003454.png,1
003455.png,1
003456.png,1
003457.png,1
003458.png,1
003459.png,1
003460.png,1
003461.png,1
003462.png,1
003463.png,1
003464.png,1
003465.png,1
003466.png,1
003467.png,1
003468.png,1
003469.png,1
003470.png,1
003471.png,1
003472.png,1
003473.png,1
003474.png,1
003475.png,1
003476.png,1
003477.png,1
003478.png,1
003479.png,1
003480.png,1
003481.png,1
003482.png,1
003483.png,1
003484.png,1
003485.png,1
003486.png,1
003487.png,1
003488.png,1
003489.png,1
003490.png,1
003491.png,1
003492.png,1
003493.png,1
003494.png,1
003495.png,1
003496.png,1
003497.png,1
003498.png,1
003499.png,1
003500.png,1
003501.png,1
003502.png,1
003503.png,1
003504.png,1
003505.png,1
003506.png,1
003507.png,1
003508.png,1
003509.png,1
003510.png,1
003511.png,1
003512.png,1
003513.png,1
003514.png,1
003515.png,1
003516.png,1
003517.png,1
003518.png,1
003519.png,1
003520.png,1
003521.png,1
003522.png,1
003523.png,1
003524.png,1
003525.png,1
003526.png,1
003527.png,1
003528.png,1
003529.png,1
003530.png,1
003531.png,1
003532.png,1
003533.png,1
003534.png,1
003535.png,1
003536.png,1
003537.png,1
003538.png,1
003539.png,1
003540.png,1
003541.png,1
003542.png,1
003543.png,1
003544.png,1
003545.png,1
003546.png,1
003547.png,1
003548.png,1
003549.png,1
003550.png,1
003551.png,1
003552.png,1
003553.png,1
003554.png,1
003555.png,1
003556.png,1
003557.png,1
003558.png,1
003559.png,1
003560.png,1
003561.png,1
003562.png,1
003563.png,1
003564.png,1
003565.png,1
003566.png,1
003567.png,1
003568.png,1
003569.png,1
003570.png,1
003571.png,1
003572.png,1
003573.png,1
003574.png,1
003575.png,1
003576.png,1
003577.png,1
003578.png,1
003579.png,1
003580.png,1
003581.png,1
003582.png,1
003583.png,1
003584.png,1
003585.png,1
003586.png,1
003587.png,1
003588.png,1
003589.png,1
003590.png,1
003591.png,1
003592.png,1
003593.png,1
003594.png,1
003595.png,1
003596.png,1
003597.png,1
003598.png,1
003599.png,1
003600.png,1
003601.png,1
003602.png,1
003603.png,1
003604.png,1
003605.png,1
003606.png,1
003607.png,1
003608.png,1
003609.png,1
003610.png,1
003611.png,1
003612.png,1
003613.png,1
003614.png,1
003615.png,1
003616.png,1
003617.png,1
003618.png,1
003619.png,1
003620.png,1
003621.png,1
003622.png,1
003623.png,1
003624.png,1
003625.png,1
003626.png,1
003627.png,1
003628.png,1
003629.png,1
003630.png,1
003631.png,1
003632.png,1
003633.png,1
003634.png,1
003635.png,1
003636.png,1
003637.png,1
003638.png,1
003639.png,1
003640.png,1
003641.png,1
003642.png,1
003643.png,1
003644.png,1
003645.png,1
003646.png,1
003647.png,1
003648.png,1
003649.png,1
003650.png,1
003651.png,1
003652.png,1
003653.png,1
003654.png,1
003655.png,1
003656.png,1
003657.png,1
003658.png,1
003659.png,1
003660.png,1
003661.png,1
003662.png,1
003663.png,1
003664.png,1
003665.png,1
003666.png,1
003667.png,1
003668.png,1
003669.png,1
003670.png,1
003671.png,1
003672.png,1
003673.png,1
003674.png,1
003675.png,1
003676.png,1
003677.png,1
003678.png,1
003679.png,1
003680.png,1
003681.png,1
003682.png,1
003683.png,1
003684.png,1
003685.png,1
003686.png,1
003687.png,1
003688.png,1
003689.png,1
003690.png,1
003691.png,1
003692.png,1
003693.png,1
003694.png,1
003695.png,1
003696.png,1
003697.png,1
003698.png,1
003699.png,1
003700.png,1
003701.png,1
003702.png,1
003703.png,1
003704.png,1
003705.png,1
003706.png,1
003707.png,1
003708.png,1
003709.png,1
003710.png,1
003711.png,1
003712.png,1
003713.png,1
003714.png,1
003715.png,1
003716.png,1
003717.png,1
003718.png,1
003719.png,1
003720.png,1
003721.png,1
003722.png,1
003723.png,1
003724.png,1
003725.png,1
003726.png,1
003727.png,1
003728.png,1
003729.png,1
003730.png,1
003731.png,1
003732.png,1
003733.png,1
003734.png,1
003735.png,1
003736.png,1
003737.png,1
003738.png,1
003739.png,1
003740.png,1
003741.png,1
003742.png,1
003743.png,1
003744.png,1
003745.png,1
003746.png,1
003747.png,1
003748.png,1
003749.png,1
003750.png,1
003751.png,1
003752.png,1
003753.png,1
003754.png,1
003755.png,1
003756.png,1
003757.png,1
003758.png,1
003759.png,1
003760.png,1
003761.png,1
003762.png,1
003763.png,1
003764.png,1
003765.png,1
003766.png,1
003767.png,1
003768.png,1
003769.png,1
003770.png,1
003771.png,1
003772.png,1
003773.png,1
003774.png,1
003775.png,1
003776.png,1
003777.png,1
003778.png,1
003779.png,1
003780.png,1
003781.png,1
003782.png,1
003783.png,1
003784.png,1
003785.png,1
003786.png,1
003787.png,1
003788.png,1
003789.png,1
003790.png,1
003791.png,1
003792.png,1
003793.png,1
003794.png,1
003795.png,1
003796.png,1
003797.png,1
003798.png,1
003799.png,1
003800.png,1
003801.png,1
003802.png,1
003803.png,1
003804.png,1
003805.png,1
003806.png,1
003807.png,1
003808.png,1
003809.png,1
003810.png,1
003811.png,1
003812.png,1
003813.png,1
003814.png,1
003815.png,1
003816.png,1
003817.png,1
003818.png,1
003819.png,1
003820.png,1
003821.png,1
003822.png,1
003823.png,1
003824.png,1
003825.png,1
003826.png,1
003827.png,1
003828.png,1
003829.png,1
003830.png,1
003831.png,1
003832.png,1
003833.png,1
003834.png,1
003835.png,1
003836.png,1
003837.png,1
003838.png,1
003839.png,1
003840.png,1
003841.png,1
003842.png,1
003843.png,1
003844.png,1
003845.png,1
003846.png,1
003847.png,1
003848.png,1
003849.png,1
003850.png,1
003851.png,1
003852.png,1
003853.png,1
003854.png,1
003855.png,1
003856.png,1
003857.png,1
003858.png,1
003859.png,1
003860.png,1
003861.png,1
003862.png,1
003863.png,1
003864.png,1
003865.png,1
003866.png,1
003867.png,1
003868.png,1
003869.png,1
003870.png,1
003871.png,1
003872.png,1
003873.png,1
003874.png,1
003875.png,1
003876.png,1
003877.png,1
003878.png,1
003879.png,1
003880.png,1
003881.png,1
003882.png,1
003883.png,1
003884.png,1
003885.png,1
003886.png,1
003887.png,1
003888.png,1
003889.png,1
003890.png,1
003891.png,1
003892.png,1
003893.png,1
003894.png,1
003895.png,1
003896.png,1
003897.png,1
003898.png,1
003899.png,1
003900.png,1
003901.png,1
003902.png,1
003903.png,1
003904.png,1
003905.png,1
003906.png,1
003907.png,1
003908.png,1
003909.png,1
003910.png,1
003911.png,1
003912.png,1
003913.png,1
003914.png,1
003915.png,1
003916.png,1
003917.png,1
003918.png,1
003919.png,1
003920.png,1
003921.png,1
003922.png,1
003923.png,1
003924.png,1
003925.png,1
003926.png,1
003927.png,1
003928.png,1
003929.png,1
003930.png,1
003931.png,1
003932.png,1
003933.png,1
003934.png,1
003935.png,1
003936.png,1
003937.png,1
003938.png,1
003939.png,1
003940.png,1
003941.png,1
003942.png,1
003943.png,1
003944.png,1
003945.png,1
003946.png,1
003947.png,1
003948.png,1
003949.png,1
003950.png,1
003951.png,1
003952.png,1
003953.png,1
003954.png,1
003955.png,1
003956.png,1
003957.png,1
003958.png,1
003959.png,1
003960.png,1
003961.png,1
003962.png,1
003963.png,1
003964.png,1
003965.png,1
003966.png,1
003967.png,1
003968.png,1
003969.png,1
003970.png,1
003971.png,1
003972.png,1
003973.png,1
003974.png,1
003975.png,1
003976.png,1
003977.png,1
003978.png,1
003979.png,1
003980.png,1
003981.png,1
003982.png,1
003983.png,1
003984.png,1
003985.png,1
003986.png,1
003987.png,1
003988.png,1
003989.png,1
003990.png,1
003991.png,1
003992.png,1
003993.png,1
003994.png,1
003995.png,1
003996.png,1
003997.png,1
003998.png,1
003999.png,1
004000.png,1
004001.png,1
004002.png,1
004003.png,1
004004.png,1
004005.png,1
004006.png,1
004007.png,1
004008.png,1
004009.png,1
004010.png,1
004011.png,1
004012.png,1
004013.png,1
004014.png,1
004015.png,1
004016.png,1
004017.png,1
004018.png,1
004019.png,1
004020.png,1
004021.png,1
004022.png,1
004023.png,1
004024.png,1
004025.png,1
004026.png,1
004027.png,1
004028.png,1
004029.png,1
004030.png,1
004031.png,1
004032.png,1
004033.png,1
004034.png,1
004035.png,1
004036.png,1
004037.png,1
004038.png,1
004039.png,1
004040.png,1
004041.png,1
004042.png,1
004043.png,1
004044.png,1
004045.png,1
004046.png,1
004047.png,1
004048.png,1
004049.png,1
004050.png,1
004051.png,1
004052.png,1
004053.png,1
004054.png,1
004055.png,1
004056.png,1
004057.png,1
004058.png,1
004059.png,1
004060.png,1
004061.png,1
004062.png,1
004063.png,1
004064.png,1
004065.png,1
004066.png,1
004067.png,1
004068.png,1
004069.png,1
004070.png,1
004071.png,1
004072.png,1
004073.png,1
004074.png,1
004075.png,1
004076.png,1
004077.png,1
004078.png,1
004079.png,1
004080.png,1
004081.png,1
004082.png,1
004083.png,1
004084.png,1
004085.png,1
004086.png,1
004087.png,1
004088.png,1
004089.png,1
004090.png,1
004091.png,1
004092.png,1
004093.png,1
004094.png,1
004095.png,1
004096.png,1
004097.png,1
004098.png,1
004099.png,1
004100.png,1
004101.png,1
004102.png,1
004103.png,1
004104.png,1
004105.png,1
004106.png,1
004107.png,1
004108.png,1
004109.png,1
004110.png,1
004111.png,1
004112.png,1
004113.png,1
004114.png,1
004115.png,1
004116.png,1
004117.png,1
004118.png,1
004119.png,1
004120.png,1
004121.png,1
004122.png,1
004123.png,1
004124.png,1
004125.png,1
004126.png,1
004127.png,1
004128.png,1
004129.png,1
004130.png,1
004131.png,1
004132.png,1
004133.png,1
004134.png,1
004135.png,1
004136.png,1
004137.png,1
004138.png,1
004139.png,1
004140.png,1
004141.png,1
004142.png,1
004143.png,1
004144.png,1
004145.png,1
004146.png,1
004147.png,1
004148.png,1
004149.png,1
004150.png,1
004151.png,1
004152.png,1
004153.png,1
004154.png,1
004155.png,1
004156.png,1
004157.png,1
004158.png,1
004159.png,1
004160.png,1
004161.png,1
004162.png,1
004163.png,1
004164.png,1
004165.png,1
004166.png,1
004167.png,1
004168.png,1
004169.png,1
004170.png,1
004171.png,1
004172.png,1
004173.png,1
004174.png,1
004175.png,1
004176.png,1
004177.png,1
004178.png,1
004179.png,1
004180.png,1
004181.png,1
004182.png,1
004183.png,1
004184.png,1
004185.png,1
004186.png,1
004187.png,1
004188.png,1
004189.png,1
004190.png,1
004191.png,1
004192.png,1
004193.png,1
004194.png,1
004195.png,1
004196.png,1
004197.png,1
004198.png,1
004199.png,1
004200.png,1
004201.png,1
004202.png,1
004203.png,1
004204.png,1
004205.png,1
004206.png,1
004207.png,1
004208.png,1
004209.png,1
004210.png,1
004211.png,1
004212.png,1
004213.png,1
004214.png,1
004215.png,1
004216.png,1
004217.png,1
004218.png,1
004219.png,1
004220.png,1
004221.png,1
004222.png,1
004223.png,1
004224.png,1
004225.png,1
004226.png,1
004227.png,1
004228.png,1
004229.png,1
004230.png,1
004231.png,1
004232.png,1
004233.png,1
004234.png,1
004235.png,1
004236.png,1
004237.png,1
004238.png,1
004239.png,1
004240.png,1
004241.png,1
004242.png,1
004243.png,1
004244.png,1
004245.png,1
004246.png,1
004247.png,1
004248.png,1
004249.png,1
004250.png,1
004251.png,1
004252.png,1
004253.png,1
004254.png,1
004255.png,1
004256.png,1
004257.png,1
004258.png,1
004259.png,1
004260.png,1
004261.png,1
004262.png,1
004263.png,1
004264.png,1
004265.png,1
004266.png,1
004267.png,1
004268.png,1
004269.png,1
004270.png,1
004271.png,1
004272.png,1
004273.png,1
004274.png,1
004275.png,1
004276.png,1
004277.png,1
004278.png,1
004279.png,1
004280.png,1
004281.png,1
004282.png,1
004283.png,1
004284.png,1
004285.png,1
004286.png,1
004287.png,1
004288.png,1
004289.png,1
004290.png,1
004291.png,1
004292.png,1
004293.png,1
004294.png,1
004295.png,1
004296.png,1
004297.png,1
004298.png,1
004299.png,1
004300.png,1
004301.png,1
004302.png,1
004303.png,1
004304.png,1
004305.png,1
004306.png,1
004307.png,1
004308.png,1
004309.png,1
004310.png,1
004311.png,1
004312.png,1
004313.png,1
004314.png,1
004315.png,1
004316.png,1
004317.png,1
004318.png,1
004319.png,1
004320.png,1
004321.png,1
004322.png,1
004323.png,1
004324.png,1
004325.png,1
004326.png,1
004327.png,1
004328.png,1
004329.png,1
004330.png,1
004331.png,1
004332.png,1
004333.png,1
004334.png,1
004335.png,1
004336.png,1
004337.png,1
004338.png,1
004339.png,1
004340.png,1
004341.png,1
004342.png,1
004343.png,1
004344.png,1
004345.png,1
004346.png,1
004347.png,1
004348.png,1
004349.png,1
004350.png,1
004351.png,1
004352.png,1
004353.png,1
004354.png,1
004355.png,1
004356.png,1
004357.png,1
004358.png,1
004359.png,1
004360.png,1
004361.png,1
004362.png,1
004363.png,1
004364.png,1
004365.png,1
004366.png,1
004367.png,1
004368.png,1
004369.png,1
004370.png,1
004371.png,1
004372.png,1
004373.png,1
004374.png,1
004375.png,1
004376.png,1
004377.png,1
004378.png,1
004379.png,1
004380.png,1
004381.png,1
004382.png,1
004383.png,1
004384.png,1
004385.png,1
004386.png,1
004387.png,1
004388.png,1
004389.png,1
004390.png,1
004391.png,1
004392.png,1
004393.png,1
004394.png,1
004395.png,1
004396.png,1
004397.png,1
004398.png,1
004399.png,1
004400.png,1
004401.png,1
004402.png,1
004403.png,1
004404.png,1
004405.png,1
004406.png,1
004407.png,1
004408.png,1
004409.png,1
004410.png,1
004411.png,1
004412.png,1
004413.png,1
004414.png,1
004415.png,1
004416.png,1
004417.png,1
004418.png,1
004419.png,1
004420.png,1
004421.png,1
004422.png,1
004423.png,1
004424.png,1
004425.png,1
004426.png,1
004427.png,1
004428.png,1
004429.png,1
004430.png,1
004431.png,1
004432.png,1
004433.png,1
004434.png,1
004435.png,1
004436.png,1
004437.png,1
004438.png,1
004439.png,1
004440.png,1
004441.png,1
004442.png,1
004443.png,1
004444.png,1
004445.png,1
004446.png,1
004447.png,1
004448.png,1
004449.png,1
004450.png,1
004451.png,1
004452.png,1
004453.png,1
004454.png,1
004455.png,1
004456.png,1
004457.png,1
004458.png,1
004459.png,1
004460.png,1
004461.png,1
004462.png,1
004463.png,1
004464.png,1
004465.png,1
004466.png,1
004467.png,1
004468.png,1
004469.png,1
004470.png,1
004471.png,1
004472.png,1
004473.png,1
004474.png,1
004475.png,1
004476.png,1
004477.png,1
004478.png,1
004479.png,1
004480.png,1
004481.png,1
004482.png,1
004483.png,1
004484.png,1
004485.png,1
004486.png,1
004487.png,1
004488.png,1
004489.png,1
004490.png,1
004491.png,1
004492.png,1
004493.png,1
004494.png,1
004495.png,1
004496.png,1
004497.png,1
004498.png,1
004499.png,1
004500.png,1
004501.png,1
004502.png,1
004503.png,1
004504.png,1
004505.png,1
004506.png,1
004507.png,1
004508.png,1
004509.png,1
004510.png,1
004511.png,1
004512.png,1
004513.png,1
004514.png,1
004515.png,1
004516.png,1
004517.png,1
004518.png,1
004519.png,1
004520.png,1
004521.png,1
004522.png,1
004523.png,1
004524.png,1
004525.png,1
004526.png,1
004527.png,1
004528.png,1
004529.png,1
004530.png,1
004531.png,1
004532.png,1
004533.png,1
004534.png,1
004535.png,1
004536.png,1
004537.png,1
004538.png,1
004539.png,1
004540.png,1
004541.png,1
004542.png,1
004543.png,1
004544.png,1
004545.png,1
004546.png,1
004547.png,1
004548.png,1
004549.png,1
004550.png,1
004551.png,1
004552.png,1
004553.png,1
004554.png,1
004555.png,1
004556.png,1
004557.png,1
004558.png,1
004559.png,1
004560.png,1
004561.png,1
004562.png,1
004563.png,1
004564.png,1
004565.png,1
004566.png,1
004567.png,1
004568.png,1
004569.png,1
004570.png,1
004571.png,1
004572.png,1
004573.png,1
004574.png,1
004575.png,1
004576.png,1
004577.png,1
004578.png,1
004579.png,1
004580.png,1
004581.png,1
004582.png,1
004583.png,1
004584.png,1
004585.png,1
004586.png,1
004587.png,1
004588.png,1
004589.png,1
004590.png,1
004591.png,1
004592.png,1
004593.png,1
004594.png,1
004595.png,1
004596.png,1
004597.png,1
004598.png,1
004599.png,1
004600.png,1
004601.png,1
004602.png,1
004603.png,1
004604.png,1
004605.png,1
004606.png,1
004607.png,1
004608.png,1
004609.png,1
004610.png,1
004611.png,1
004612.png,1
004613.png,1
004614.png,1
004615.png,1
004616.png,1
004617.png,1
004618.png,1
004619.png,1
004620.png,1
004621.png,1
004622.png,1
004623.png,1
004624.png,1
004625.png,1
004626.png,1
004627.png,1
004628.png,1
004629.png,1
004630.png,1
004631.png,1
004632.png,1
004633.png,1
004634.png,1
004635.png,1
004636.png,1
004637.png,1
004638.png,1
004639.png,1
004640.png,1
004641.png,1
004642.png,1
004643.png,1
004644.png,1
004645.png,1
004646.png,1
004647.png,1
004648.png,1
004649.png,1
004650.png,1
004651.png,1
004652.png,1
004653.png,1
004654.png,1
004655.png,1
004656.png,1
004657.png,1
004658.png,1
004659.png,1
004660.png,1
004661.png,1
004662.png,1
004663.png,1
004664.png,1
004665.png,1
004666.png,1
004667.png,1
004668.png,1
004669.png,1
004670.png,1
004671.png,1
004672.png,1
004673.png,1
004674.png,1
004675.png,1
004676.png,1
004677.png,1
004678.png,1
004679.png,1
004680.png,1
004681.png,1
004682.png,1
004683.png,1
004684.png,1
004685.png,1
004686.png,1
004687.png,1
004688.png,1
004689.png,1
004690.png,1
004691.png,1
004692.png,1
004693.png,1
004694.png,1
004695.png,1
004696.png,1
004697.png,1
004698.png,1
004699.png,1
004700.png,1
004701.png,1
004702.png,1
004703.png,1
004704.png,1
004705.png,1
004706.png,1
004707.png,1
004708.png,1
004709.png,1
004710.png,1
004711.png,1
004712.png,1
004713.png,1
004714.png,1
004715.png,1
004716.png,1
004717.png,1
004718.png,1
004719.png,1
004720.png,1
004721.png,1
004722.png,1
004723.png,1
004724.png,1
004725.png,1
004726.png,1
004727.png,1
004728.png,1
004729.png,1
004730.png,1
004731.png,1
004732.png,1
004733.png,1
004734.png,1
004735.png,1
004736.png,1
004737.png,1
004738.png,1
004739.png,1
004740.png,1
004741.png,1
004742.png,1
004743.png,1
004744.png,1
004745.png,1
004746.png,1
004747.png,1
004748.png,1
004749.png,1
004750.png,1
004751.png,1
004752.png,1
004753.png,1
004754.png,1
004755.png,1
004756.png,1
004757.png,1
004758.png,1
004759.png,1
004760.png,1
004761.png,1
004762.png,1
004763.png,1
004764.png,1
004765.png,1
004766.png,1
004767.png,1
004768.png,1
004769.png,1
004770.png,1
004771.png,1
004772.png,1
004773.png,1
004774.png,1
004775.png,1
004776.png,1
004777.png,1
004778.png,1
004779.png,1
004780.png,1
004781.png,1
004782.png,1
004783.png,1
004784.png,1
004785.png,1
004786.png,1
004787.png,1
004788.png,1
004789.png,1
004790.png,1
004791.png,1
004792.png,1
004793.png,1
004794.png,1
004795.png,1
004796.png,1
004797.png,1
004798.png,1
004799.png,1
004800.png,1
004801.png,1
004802.png,1
004803.png,1
004804.png,1
004805.png,1
004806.png,1
004807.png,1
004808.png,1
004809.png,1
004810.png,1
004811.png,1
004812.png,1
004813.png,1
004814.png,1
004815.png,1
004816.png,1
004817.png,1
004818.png,1
004819.png,1
004820.png,1
004821.png,1
004822.png,1
004823.png,1
004824.png,1
004825.png,1
004826.png,1
004827.png,1
004828.png,1
004829.png,1
004830.png,1
004831.png,1
004832.png,1
004833.png,1
004834.png,1
004835.png,1
004836.png,1
004837.png,1
004838.png,1
004839.png,1
004840.png,1
004841.png,1
004842.png,1
004843.png,1
004844.png,1
004845.png,1
004846.png,1
004847.png,1
004848.png,1
004849.png,1
004850.png,1
004851.png,1
004852.png,1
004853.png,1
004854.png,1
004855.png,1
004856.png,1
004857.png,1
004858.png,1
004859.png,1
004860.png,1
004861.png,1
004862.png,1
004863.png,1
004864.png,1
004865.png,1
004866.png,1
004867.png,1
004868.png,1
004869.png,1
004870.png,1
004871.png,1
004872.png,1
004873.png,1
004874.png,1
004875.png,1
004876.png,1
004877.png,1
004878.png,1
004879.png,1
004880.png,1
004881.png,1
004882.png,1
004883.png,1
004884.png,1
004885.png,1
004886.png,1
004887.png,1
004888.png,1
004889.png,1
004890.png,1
004891.png,1
004892.png,1
004893.png,1
004894.png,1
004895.png,1
004896.png,1
004897.png,1
004898.png,1
004899.png,1
004900.png,1
004901.png,1
004902.png,1
004903.png,1
004904.png,1
004905.png,1
004906.png,1
004907.png,1
004908.png,1
004909.png,1
004910.png,1
004911.png,1
004912.png,1
004913.png,1
004914.png,1
004915.png,1
004916.png,1
004917.png,1
004918.png,1
004919.png,1
004920.png,1
004921.png,1
004922.png,1
004923.png,1
004924.png,1
004925.png,1
004926.png,1
004927.png,1
004928.png,1
004929.png,1
004930.png,1
004931.png,1
004932.png,1
004933.png,1
004934.png,1
004935.png,1
004936.png,1
004937.png,1
004938.png,1
004939.png,1
004940.png,1
004941.png,1
004942.png,1
004943.png,1
004944.png,1
004945.png,1
004946.png,1
004947.png,1
004948.png,1
004949.png,1
004950.png,1
004951.png,1
004952.png,1
004953.png,1
004954.png,1
004955.png,1
004956.png,1
004957.png,1
004958.png,1
004959.png,1
004960.png,1
004961.png,1
004962.png,1
004963.png,1
004964.png,1
004965.png,1
004966.png,1
004967.png,1
004968.png,1
004969.png,1
004970.png,1
004971.png,1
004972.png,1
004973.png,1
004974.png,1
004975.png,1
004976.png,1
004977.png,1
004978.png,1
004979.png,1
004980.png,1
004981.png,1
004982.png,1
004983.png,1
004984.png,1
004985.png,1
004986.png,1
004987.png,1
004988.png,1
004989.png,1
004990.png,1
004991.png,1
004992.png,1
004993.png,1
004994.png,1
004995.png,1
004996.png,1
004997.png,1
004998.png,1
004999.png,1
005000.png,1
005001.png,1
005002.png,1
005003.png,1
005004.png,1
005005.png,1
005006.png,1
005007.png,1
005008.png,1
005009.png,1
005010.png,1
005011.png,1
005012.png,1
005013.png,1
005014.png,1
005015.png,1
005016.png,1
005017.png,1
005018.png,1
005019.png,1
005020.png,1
005021.png,1
005022.png,1
005023.png,1
005024.png,1
005025.png,1
005026.png,1
005027.png,1
005028.png,1
005029.png,1
005030.png,1
005031.png,1
005032.png,1
005033.png,1
005034.png,1
005035.png,1
005036.png,1
005037.png,1
005038.png,1
005039.png,1
005040.png,1
005041.png,1
005042.png,1
005043.png,1
005044.png,1
005045.png,1
005046.png,1
005047.png,1
005048.png,1
005049.png,1
005050.png,1
005051.png,1
005052.png,1
005053.png,1
005054.png,1
005055.png,1
005056.png,1
005057.png,1
005058.png,1
005059.png,1
005060.png,1
005061.png,1
005062.png,1
005063.png,1
005064.png,1
005065.png,1
005066.png,1
005067.png,1
005068.png,1
005069.png,1
005070.png,1
005071.png,1
005072.png,1
005073.png,1
005074.png,1
005075.png,1
005076.png,1
005077.png,1
005078.png,1
005079.png,1
005080.png,1
005081.png,1
005082.png,1
005083.png,1
005084.png,1
005085.png,1
005086.png,1
005087.png,1
005088.png,1
005089.png,1
005090.png,1
005091.png,1
005092.png,1
005093.png,1
005094.png,1
005095.png,1
005096.png,1
005097.png,1
005098.png,1
005099.png,1
005100.png,1
005101.png,1
005102.png,1
005103.png,1
005104.png,1
005105.png,1
005106.png,1
005107.png,1
005108.png,1
005109.png,1
005110.png,1
005111.png,1
005112.png,1
005113.png,1
005114.png,1
005115.png,1
005116.png,1
005117.png,1
005118.png,1
005119.png,1
005120.png,1
005121.png,1
005122.png,1
005123.png,1
005124.png,1
005125.png,1
005126.png,1
005127.png,1
005128.png,1
005129.png,1
005130.png,1
005131.png,1
005132.png,1
005133.png,1
005134.png,1
005135.png,1
005136.png,1
005137.png,1
005138.png,1
005139.png,1
005140.png,1
005141.png,1
005142.png,1
005143.png,1
005144.png,1
005145.png,1
005146.png,1
005147.png,1
005148.png,1
005149.png,1
005150.png,1
005151.png,1
005152.png,1
005153.png,1
005154.png,1
005155.png,1
005156.png,1
005157.png,1
005158.png,1
005159.png,1
005160.png,1
005161.png,1
005162.png,1
005163.png,1
005164.png,1
005165.png,1
005166.png,1
005167.png,1
005168.png,1
005169.png,1
005170.png,1
005171.png,1
005172.png,1
005173.png,1
005174.png,1
005175.png,1
005176.png,1
005177.png,1
005178.png,1
005179.png,1
005180.png,1
005181.png,1
005182.png,1
005183.png,1
005184.png,1
005185.png,1
005186.png,1
005187.png,1
005188.png,1
005189.png,1
005190.png,1
005191.png,1
005192.png,1
005193.png,1
005194.png,1
005195.png,1
005196.png,1
005197.png,1
005198.png,1
005199.png,1
005200.png,1
005201.png,1
005202.png,1
005203.png,1
005204.png,1
005205.png,1
005206.png,1
005207.png,1
005208.png,1
005209.png,1
005210.png,1
005211.png,1
005212.png,1
005213.png,1
005214.png,1
005215.png,1
005216.png,1
005217.png,1
005218.png,1
005219.png,1
005220.png,1
005221.png,1
005222.png,1
005223.png,1
005224.png,1
005225.png,1
005226.png,1
005227.png,1
005228.png,1
005229.png,1
005230.png,1
005231.png,1
005232.png,1
005233.png,1
005234.png,1
005235.png,1
005236.png,1
005237.png,1
005238.png,1
005239.png,1
005240.png,1
005241.png,1
005242.png,1
005243.png,1
005244.png,1
005245.png,1
005246.png,1
005247.png,1
005248.png,1
005249.png,1
005250.png,1
005251.png,1
005252.png,1
005253.png,1
005254.png,1
005255.png,1
005256.png,1
005257.png,1
005258.png,1
005259.png,1
005260.png,1
005261.png,1
005262.png,1
005263.png,1
005264.png,1
005265.png,1
005266.png,1
005267.png,1
005268.png,1
005269.png,1
005270.png,1
005271.png,1
005272.png,1
005273.png,1
005274.png,1
005275.png,1
005276.png,1
005277.png,1
005278.png,1
005279.png,1
005280.png,1
005281.png,1
005282.png,1
005283.png,1
005284.png,1
005285.png,1
005286.png,1
005287.png,1
005288.png,1
005289.png,1
005290.png,1
005291.png,1
005292.png,1
005293.png,1
005294.png,1
005295.png,1
005296.png,1
005297.png,1
005298.png,1
005299.png,1
005300.png,1
005301.png,1
005302.png,1
005303.png,1
005304.png,1
005305.png,1
005306.png,1
005307.png,1
005308.png,1
005309.png,1
005310.png,1
005311.png,1
005312.png,1
005313.png,1
005314.png,1
005315.png,1
005316.png,1
005317.png,1
005318.png,1
005319.png,1
005320.png,1
005321.png,1
005322.png,1
005323.png,1
005324.png,1
005325.png,1
005326.png,1
005327.png,1
005328.png,1
005329.png,1
005330.png,1
005331.png,1
005332.png,1
005333.png,1
005334.png,1
005335.png,1
005336.png,1
005337.png,1
005338.png,1
005339.png,1
005340.png,1
005341.png,1
005342.png,1
005343.png,1
005344.png,1
005345.png,1
005346.png,1
005347.png,1
005348.png,1
005349.png,1
005350.png,1
005351.png,1
005352.png,1
005353.png,1
005354.png,1
005355.png,1
005356.png,1
005357.png,1
005358.png,1
005359.png,1
005360.png,1
005361.png,1
005362.png,1
005363.png,1
005364.png,1
005365.png,1
005366.png,1
005367.png,1
005368.png,1
005369.png,1
005370.png,1
005371.png,1
005372.png,1
005373.png,1
005374.png,1
005375.png,1
005376.png,1
005377.png,1
005378.png,1
005379.png,1
005380.png,1
005381.png,1
005382.png,1
005383.png,1
005384.png,1
005385.png,1
005386.png,1
005387.png,1
005388.png,1
005389.png,1
005390.png,1
005391.png,1
005392.png,1
005393.png,1
005394.png,1
005395.png,1
005396.png,1
005397.png,1
005398.png,1
005399.png,1
005400.png,1
005401.png,1
005402.png,1
005403.png,1
005404.png,1
005405.png,1
005406.png,1
005407.png,1
005408.png,1
005409.png,1
005410.png,1
005411.png,1
005412.png,1
005413.png,1
005414.png,1
005415.png,1
005416.png,1
005417.png,1
005418.png,1
005419.png,1
005420.png,1
005421.png,1
005422.png,1
005423.png,1
005424.png,1
005425.png,1
005426.png,1
005427.png,1
005428.png,1
005429.png,1
005430.png,1
005431.png,1
005432.png,1
005433.png,1
005434.png,1
005435.png,1
005436.png,1
005437.png,1
005438.png,1
005439.png,1
005440.png,1
005441.png,1
005442.png,1
005443.png,1
005444.png,1
005445.png,1
005446.png,1
005447.png,1
005448.png,1
005449.png,1
005450.png,1
005451.png,1
005452.png,1
005453.png,1
005454.png,1
005455.png,1
005456.png,1
005457.png,1
005458.png,1
005459.png,1
005460.png,1
005461.png,1
005462.png,1
005463.png,1
005464.png,1
005465.png,1
005466.png,1
005467.png,1
005468.png,1
005469.png,1
005470.png,1
005471.png,1
005472.png,1
005473.png,1
005474.png,1
005475.png,1
005476.png,1
005477.png,1
005478.png,1
005479.png,1
005480.png,1
005481.png,1
005482.png,1
005483.png,1
005484.png,1
005485.png,1
005486.png,1
005487.png,1
005488.png,1
005489.png,1
005490.png,1
005491.png,1
005492.png,1
005493.png,1
005494.png,1
005495.png,1
005496.png,1
005497.png,1
005498.png,1
005499.png,1
005500.png,1
005501.png,1
005502.png,1
005503.png,1
005504.png,1
005505.png,1
005506.png,1
005507.png,1
005508.png,1
005509.png,1
005510.png,1
005511.png,1
005512.png,1
005513.png,1
005514.png,1
005515.png,1
005516.png,1
005517.png,1
005518.png,1
005519.png,1
005520.png,1
005521.png,1
005522.png,1
005523.png,1
005524.png,1
005525.png,1
005526.png,1
005527.png,1
005528.png,1
005529.png,1
005530.png,1
005531.png,1
005532.png,1
005533.png,1
005534.png,1
005535.png,1
005536.png,1
005537.png,1
005538.png,1
005539.png,1
005540.png,1
005541.png,1
005542.png,1
005543.png,1
005544.png,1
005545.png,1
005546.png,1
005547.png,1
005548.png,1
005549.png,1
005550.png,1
005551.png,1
005552.png,1
005553.png,1
005554.png,1
005555.png,1
005556.png,1
005557.png,1
005558.png,1
005559.png,1
005560.png,1
005561.png,1
005562.png,1
005563.png,1
005564.png,1
005565.png,1
005566.png,1
005567.png,1
005568.png,1
005569.png,1
005570.png,1
005571.png,1
005572.png,1
005573.png,1
005574.png,1
005575.png,1
005576.png,1
005577.png,1
005578.png,1
005579.png,1
005580.png,1
005581.png,1
005582.png,1
005583.png,1
005584.png,1
005585.png,1
005586.png,1
005587.png,1
005588.png,1
005589.png,1
005590.png,1
005591.png,1
005592.png,1
005593.png,1
005594.png,1
005595.png,1
005596.png,1
005597.png,1
005598.png,1
005599.png,1
005600.png,1
005601.png,1
005602.png,1
005603.png,1
005604.png,1
005605.png,1
005606.png,1
005607.png,1
005608.png,1
005609.png,1
005610.png,1
005611.png,1
005612.png,1
005613.png,1
005614.png,1
005615.png,1
005616.png,1
005617.png,1
005618.png,1
005619.png,1
005620.png,1
005621.png,1
005622.png,1
005623.png,1
005624.png,1
005625.png,1
005626.png,1
005627.png,1
005628.png,1
005629.png,1
005630.png,1
005631.png,1
005632.png,1
005633.png,1
005634.png,1
005635.png,1
005636.png,1
005637.png,1
005638.png,1
005639.png,1
005640.png,1
005641.png,1
005642.png,1
005643.png,1
005644.png,1
005645.png,1
005646.png,1
005647.png,1
005648.png,1
005649.png,1
005650.png,1
005651.png,1
005652.png,1
005653.png,1
005654.png,1
005655.png,1
005656.png,1
005657.png,1
005658.png,1
005659.png,1
005660.png,1
005661.png,1
005662.png,1
005663.png,1
005664.png,1
005665.png,1
005666.png,1
005667.png,1
005668.png,1
005669.png,1
005670.png,1
005671.png,1
005672.png,1
005673.png,1
005674.png,1
005675.png,1
005676.png,1
005677.png,1
005678.png,1
005679.png,1
005680.png,1
005681.png,1
005682.png,1
005683.png,1
005684.png,1
005685.png,1
005686.png,1
005687.png,1
005688.png,1
005689.png,1
005690.png,1
005691.png,1
005692.png,1
005693.png,1
005694.png,1
005695.png,1
005696.png,1
005697.png,1
005698.png,1
005699.png,1
005700.png,1
005701.png,1
005702.png,1
005703.png,1
005704.png,1
005705.png,1
005706.png,1
005707.png,1
005708.png,1
005709.png,1
005710.png,1
005711.png,1
005712.png,1
005713.png,1
005714.png,1
005715.png,1
005716.png,1
005717.png,1
005718.png,1
005719.png,1
005720.png,1
005721.png,1
005722.png,1
005723.png,1
005724.png,1
005725.png,1
005726.png,1
005727.png,1
005728.png,1
005729.png,1
005730.png,1
005731.png,1
005732.png,1
005733.png,1
005734.png,1
005735.png,1
005736.png,1
005737.png,1
005738.png,1
005739.png,1
005740.png,1
005741.png,1
005742.png,1
005743.png,1
005744.png,1
005745.png,1
005746.png,1
005747.png,1
005748.png,1
005749.png,1
005750.png,1
005751.png,1
005752.png,1
005753.png,1
005754.png,1
005755.png,1
005756.png,1
005757.png,1
005758.png,1
005759.png,1
005760.png,1
005761.png,1
005762.png,1
005763.png,1
005764.png,1
005765.png,1
005766.png,1
005767.png,1
005768.png,1
005769.png,1
005770.png,1
005771.png,1
005772.png,1
005773.png,1
005774.png,1
005775.png,1
005776.png,1
005777.png,1
005778.png,1
005779.png,1
005780.png,1
005781.png,1
005782.png,1
005783.png,1
005784.png,1
005785.png,1
005786.png,1
005787.png,1
005788.png,1
005789.png,1
005790.png,1
005791.png,1
005792.png,1
005793.png,1
005794.png,1
005795.png,1
005796.png,1
005797.png,1
005798.png,1
005799.png,1
005800.png,1
005801.png,1
005802.png,1
005803.png,1
005804.png,1
005805.png,1
005806.png,1
005807.png,1
005808.png,1
005809.png,1
005810.png,1
005811.png,1
005812.png,1
005813.png,1
005814.png,1
005815.png,1
005816.png,1
005817.png,1
005818.png,1
005819.png,1
005820.png,1
005821.png,1
005822.png,1
005823.png,1
005824.png,1
005825.png,1
005826.png,1
005827.png,1
005828.png,1
005829.png,1
005830.png,1
005831.png,1
005832.png,1
005833.png,1
005834.png,1
005835.png,1
005836.png,1
005837.png,1
005838.png,1
005839.png,1
005840.png,1
005841.png,1
005842.png,1
005843.png,1
005844.png,1
005845.png,1
005846.png,1
005847.png,1
005848.png,1
005849.png,1
005850.png,1
005851.png,1
005852.png,1
005853.png,1
005854.png,1
005855.png,1
005856.png,1
005857.png,1
005858.png,1
005859.png,1
005860.png,1
005861.png,1
005862.png,1
005863.png,1
005864.png,1
005865.png,1
005866.png,1
005867.png,1
005868.png,1
005869.png,1
005870.png,1
005871.png,1
005872.png,1
005873.png,1
005874.png,1
005875.png,1
005876.png,1
005877.png,1
005878.png,1
005879.png,1
005880.png,1
005881.png,1
005882.png,1
005883.png,1
005884.png,1
005885.png,1
005886.png,1
005887.png,1
005888.png,1
005889.png,1
005890.png,1
005891.png,1
005892.png,1
005893.png,1
005894.png,1
005895.png,1
005896.png,1
005897.png,1
005898.png,1
005899.png,1
005900.png,1
005901.png,1
005902.png,1
005903.png,1
005904.png,1
005905.png,1
005906.png,1
005907.png,1
005908.png,1
005909.png,1
005910.png,1
005911.png,1
005912.png,1
005913.png,1
005914.png,1
005915.png,1
005916.png,1
005917.png,1
005918.png,1
005919.png,1
005920.png,1
005921.png,1
005922.png,1
005923.png,1
005924.png,1
005925.png,1
005926.png,1
005927.png,1
005928.png,1
005929.png,1
005930.png,1
005931.png,1
005932.png,1
005933.png,1
005934.png,1
005935.png,1
005936.png,1
005937.png,1
005938.png,1
005939.png,1
005940.png,1
005941.png,1
005942.png,1
005943.png,1
005944.png,1
005945.png,1
005946.png,1
005947.png,1
005948.png,1
005949.png,1
005950.png,1
005951.png,1
005952.png,1
005953.png,1
005954.png,1
005955.png,1
005956.png,1
005957.png,1
005958.png,1
005959.png,1
005960.png,1
005961.png,1
005962.png,1
005963.png,1
005964.png,1
005965.png,1
005966.png,1
005967.png,1
005968.png,1
005969.png,1
005970.png,1
005971.png,1
005972.png,1
005973.png,1
005974.png,1
005975.png,1
005976.png,1
005977.png,1
005978.png,1
005979.png,1
005980.png,1
005981.png,1
005982.png,1
005983.png,1
005984.png,1
005985.png,1
005986.png,1
005987.png,1
005988.png,1
005989.png,1
005990.png,1
005991.png,1
005992.png,1
005993.png,1
005994.png,1
005995.png,1
005996.png,1
005997.png,1
005998.png,1
005999.png,1
006000.png,1
006001.png,1
006002.png,1
006003.png,1
006004.png,1
006005.png,1
006006.png,1
006007.png,1
006008.png,1
006009.png,1
006010.png,1
006011.png,1
006012.png,1
006013.png,1
006014.png,1
006015.png,1
006016.png,1
006017.png,1
006018.png,1
006019.png,1
006020.png,1
006021.png,1
006022.png,1
006023.png,1
006024.png,1
006025.png,1
006026.png,1
006027.png,1
006028.png,1
006029.png,1
006030.png,1
006031.png,1
006032.png,1
006033.png,1
006034.png,1
006035.png,1
006036.png,1
006037.png,1
006038.png,1
006039.png,1
006040.png,1
006041.png,1
006042.png,1
006043.png,1
006044.png,1
006045.png,1
006046.png,1
006047.png,1
006048.png,1
006049.png,1
006050.png,1
006051.png,1
006052.png,1
006053.png,1
006054.png,1
006055.png,1
006056.png,1
006057.png,1
006058.png,1
006059.png,1
006060.png,1
006061.png,1
006062.png,1
006063.png,1
006064.png,1
006065.png,1
006066.png,1
006067.png,1
006068.png,1
006069.png,1
006070.png,1
006071.png,1
006072.png,1
006073.png,1
006074.png,1
006075.png,1
006076.png,1
006077.png,1
006078.png,1
006079.png,1
006080.png,1
006081.png,1
006082.png,1
006083.png,1
006084.png,1
006085.png,1
006086.png,1
006087.png,1
006088.png,1
006089.png,1
006090.png,1
006091.png,1
006092.png,1
006093.png,1
006094.png,1
006095.png,1
006096.png,1
006097.png,1
006098.png,1
006099.png,1
006100.png,1
006101.png,1
006102.png,1
006103.png,1
006104.png,1
006105.png,1
006106.png,1
006107.png,1
006108.png,1
006109.png,1
006110.png,1
006111.png,1
006112.png,1
006113.png,1
006114.png,1
006115.png,1
006116.png,1
006117.png,1
006118.png,1
006119.png,1
006120.png,1
006121.png,1
006122.png,1
006123.png,1
006124.png,1
006125.png,1
006126.png,1
006127.png,1
006128.png,1
006129.png,1
006130.png,1
006131.png,1
006132.png,1
006133.png,1
006134.png,1
006135.png,1
006136.png,1
006137.png,1
006138.png,1
006139.png,1
006140.png,1
006141.png,1
006142.png,1
006143.png,1
006144.png,1
006145.png,1
006146.png,1
006147.png,1
006148.png,1
006149.png,1
006150.png,1
006151.png,1
006152.png,1
006153.png,1
006154.png,1
006155.png,1
006156.png,1
006157.png,1
006158.png,1
006159.png,1
006160.png,1
006161.png,1
006162.png,1
006163.png,1
006164.png,1
006165.png,1
006166.png,1
006167.png,1
006168.png,1
006169.png,1
006170.png,1
006171.png,1
006172.png,1
006173.png,1
006174.png,1
006175.png,1
006176.png,1
006177.png,1
006178.png,1
006179.png,1
006180.png,1
006181.png,1
006182.png,1
006183.png,1
006184.png,1
006185.png,1
006186.png,1
006187.png,1
006188.png,1
006189.png,1
006190.png,1
006191.png,1
006192.png,1
006193.png,1
006194.png,1
006195.png,1
006196.png,1
006197.png,1
006198.png,1
006199.png,1
006200.png,1
006201.png,1
006202.png,1
006203.png,1
006204.png,1
006205.png,1
006206.png,1
006207.png,1
006208.png,1
006209.png,1
006210.png,1
006211.png,1
006212.png,1
006213.png,1
006214.png,1
006215.png,1
006216.png,1
006217.png,1
006218.png,1
006219.png,1
006220.png,1
006221.png,1
006222.png,1
006223.png,1
006224.png,1
006225.png,1
006226.png,1
006227.png,1
006228.png,1
006229.png,1
006230.png,1
006231.png,1
006232.png,1
006233.png,1
006234.png,1
006235.png,1
006236.png,1
006237.png,1
006238.png,1
006239.png,1
006240.png,1
006241.png,1
006242.png,1
006243.png,1
006244.png,1
006245.png,1
006246.png,1
006247.png,1
006248.png,1
006249.png,1
006250.png,1
006251.png,1
006252.png,1
006253.png,1
006254.png,1
006255.png,1
006256.png,1
006257.png,1
006258.png,1
006259.png,1
006260.png,1
006261.png,1
006262.png,1
006263.png,1
006264.png,1
006265.png,1
006266.png,1
006267.png,1
006268.png,1
006269.png,1
006270.png,1
006271.png,1
006272.png,1
006273.png,1
006274.png,1
006275.png,1
006276.png,1
006277.png,1
006278.png,1
006279.png,1
006280.png,1
006281.png,1
006282.png,1
006283.png,1
006284.png,1
006285.png,1
006286.png,1
006287.png,1
006288.png,1
006289.png,1
006290.png,1
006291.png,1
006292.png,1
006293.png,1
006294.png,1
006295.png,1
006296.png,1
006297.png,1
006298.png,1
006299.png,1
006300.png,1
006301.png,1
006302.png,1
006303.png,1
006304.png,1
006305.png,1
006306.png,1
006307.png,1
006308.png,1
006309.png,1
006310.png,1
006311.png,1
006312.png,1
006313.png,1
006314.png,1
006315.png,1
006316.png,1
006317.png,1
006318.png,1
006319.png,1
006320.png,1
006321.png,1
006322.png,1
006323.png,1
006324.png,1
006325.png,1
006326.png,1
006327.png,1
006328.png,1
006329.png,1
006330.png,1
006331.png,1
006332.png,1
006333.png,1
006334.png,1
006335.png,1
006336.png,1
006337.png,1
006338.png,1
006339.png,1
006340.png,1
006341.png,1
006342.png,1
006343.png,1
006344.png,1
006345.png,1
006346.png,1
006347.png,1
006348.png,1
006349.png,1
006350.png,1
006351.png,1
006352.png,1
006353.png,1
006354.png,1
006355.png,1
006356.png,1
006357.png,1
006358.png,1
006359.png,1
006360.png,1
006361.png,1
006362.png,1
006363.png,1
006364.png,1
006365.png,1
006366.png,1
006367.png,1
006368.png,1
006369.png,1
006370.png,1
006371.png,1
006372.png,1
006373.png,1
006374.png,1
006375.png,1
006376.png,1
006377.png,1
006378.png,1
006379.png,1
006380.png,1
006381.png,1
006382.png,1
006383.png,1
006384.png,1
006385.png,1
006386.png,1
006387.png,1
006388.png,1
006389.png,1
006390.png,1
006391.png,1
006392.png,1
006393.png,1
006394.png,1
006395.png,1
006396.png,1
006397.png,1
006398.png,1
006399.png,1
006400.png,1
006401.png,1
006402.png,1
006403.png,1
006404.png,1
006405.png,1
006406.png,1
006407.png,1
006408.png,1
006409.png,1
006410.png,1
006411.png,1
006412.png,1
006413.png,1
006414.png,1
006415.png,1
006416.png,1
006417.png,1
006418.png,1
006419.png,1
006420.png,1
006421.png,1
006422.png,1
006423.png,1
006424.png,1
006425.png,1
006426.png,1
006427.png,1
006428.png,1
006429.png,1
006430.png,1
006431.png,1
006432.png,1
006433.png,1
006434.png,1
006435.png,1
006436.png,1
006437.png,1
006438.png,1
006439.png,1
006440.png,1
006441.png,1
006442.png,1
006443.png,1
006444.png,1
006445.png,1
006446.png,1
006447.png,1
006448.png,1
006449.png,1
006450.png,1
006451.png,1
006452.png,1
006453.png,1
006454.png,1
006455.png,1
006456.png,1
006457.png,1
006458.png,1
006459.png,1
006460.png,1
006461.png,1
006462.png,1
006463.png,1
006464.png,1
006465.png,1
006466.png,1
006467.png,1
006468.png,1
006469.png,1
006470.png,1
006471.png,1
006472.png,1
006473.png,1
006474.png,1
006475.png,1
006476.png,1
006477.png,1
006478.png,1
006479.png,1
006480.png,1
006481.png,1
006482.png,1
006483.png,1
006484.png,1
006485.png,1
006486.png,1
006487.png,1
006488.png,1
006489.png,1
006490.png,1
006491.png,1
006492.png,1
006493.png,1
006494.png,1
006495.png,1
006496.png,1
006497.png,1
006498.png,1
006499.png,1
006500.png,1
006501.png,1
006502.png,1
006503.png,1
006504.png,1
006505.png,1
006506.png,1
006507.png,1
006508.png,1
006509.png,1
006510.png,1
006511.png,1
006512.png,1
006513.png,1
006514.png,1
006515.png,1
006516.png,1
006517.png,1
006518.png,1
006519.png,1
006520.png,1
006521.png,1
006522.png,1
006523.png,1
006524.png,1
006525.png,1
006526.png,1
006527.png,1
006528.png,1
006529.png,1
006530.png,1
006531.png,1
006532.png,1
006533.png,1
006534.png,1
006535.png,1
006536.png,1
006537.png,1
006538.png,1
006539.png,1
006540.png,1
006541.png,1
006542.png,1
006543.png,1
006544.png,1
006545.png,1
006546.png,1
006547.png,1
006548.png,1
006549.png,1
006550.png,1
006551.png,1
006552.png,1
006553.png,1
006554.png,1
006555.png,1
006556.png,1
006557.png,1
006558.png,1
006559.png,1
006560.png,1
006561.png,1
006562.png,1
006563.png,1
006564.png,1
006565.png,1
006566.png,1
006567.png,1
006568.png,1
006569.png,1
006570.png,1
006571.png,1
006572.png,1
006573.png,1
006574.png,1
006575.png,1
006576.png,1
006577.png,1
006578.png,1
006579.png,1
006580.png,1
006581.png,1
006582.png,1
006583.png,1
006584.png,1
006585.png,1
006586.png,1
006587.png,1
006588.png,1
006589.png,1
006590.png,1
006591.png,1
006592.png,1
006593.png,1
006594.png,1
006595.png,1
006596.png,1
006597.png,1
006598.png,1
006599.png,1
006600.png,1
006601.png,1
006602.png,1
006603.png,1
006604.png,1
006605.png,1
006606.png,1
006607.png,1
006608.png,1
006609.png,1
006610.png,1
006611.png,1
006612.png,1
006613.png,1
006614.png,1
006615.png,1
006616.png,1
006617.png,1
006618.png,1
006619.png,1
006620.png,1
006621.png,1
006622.png,1
006623.png,1
006624.png,1
006625.png,1
006626.png,1
006627.png,1
006628.png,1
006629.png,1
006630.png,1
006631.png,1
006632.png,1
006633.png,1
006634.png,1
006635.png,1
006636.png,1
006637.png,1
006638.png,1
006639.png,1
006640.png,1
006641.png,1
006642.png,1
006643.png,1
006644.png,1
006645.png,1
006646.png,1
006647.png,1
006648.png,1
006649.png,1
006650.png,1
006651.png,1
006652.png,1
006653.png,1
006654.png,1
006655.png,1
006656.png,1
006657.png,1
006658.png,1
006659.png,1
006660.png,1
006661.png,1
006662.png,1
006663.png,1
006664.png,1
006665.png,1
006666.png,1
006667.png,1
006668.png,1
006669.png,1
006670.png,1
006671.png,1
006672.png,1
006673.png,1
006674.png,1
006675.png,1
006676.png,1
006677.png,1
006678.png,1
006679.png,1
006680.png,1
006681.png,1
006682.png,1
006683.png,1
006684.png,1
006685.png,1
006686.png,1
006687.png,1
006688.png,1
006689.png,1
006690.png,1
006691.png,1
006692.png,1
006693.png,1
006694.png,1
006695.png,1
006696.png,1
006697.png,1
006698.png,1
006699.png,1
006700.png,1
006701.png,1
006702.png,1
006703.png,1
006704.png,1
006705.png,1
006706.png,1
006707.png,1
006708.png,1
006709.png,1
006710.png,1
006711.png,1
006712.png,1
006713.png,1
006714.png,1
006715.png,1
006716.png,1
006717.png,1
006718.png,1
006719.png,1
006720.png,1
006721.png,1
006722.png,1
006723.png,1
006724.png,1
006725.png,1
006726.png,1
006727.png,1
006728.png,1
006729.png,1
006730.png,1
006731.png,1
006732.png,1
006733.png,1
006734.png,1
006735.png,1
006736.png,1
006737.png,1
006738.png,1
006739.png,1
006740.png,1
006741.png,1
006742.png,1
006743.png,1
006744.png,1
006745.png,1
006746.png,1
006747.png,1
006748.png,1
006749.png,1
006750.png,1
006751.png,1
006752.png,1
006753.png,1
006754.png,1
006755.png,1
006756.png,1
006757.png,1
006758.png,1
006759.png,1
006760.png,1
006761.png,1
006762.png,1
006763.png,1
006764.png,1
006765.png,1
006766.png,1
006767.png,1
006768.png,1
006769.png,1
006770.png,1
006771.png,1
006772.png,1
006773.png,1
006774.png,1
006775.png,1
006776.png,1
006777.png,1
006778.png,1
006779.png,1
006780.png,1
006781.png,1
006782.png,1
006783.png,1
006784.png,1
006785.png,1
006786.png,1
006787.png,1
006788.png,1
006789.png,1
006790.png,1
006791.png,1
006792.png,1
006793.png,1
006794.png,1
006795.png,1
006796.png,1
006797.png,1
006798.png,1
006799.png,1
006800.png,1
006801.png,1
006802.png,1
006803.png,1
006804.png,1
006805.png,1
006806.png,1
006807.png,1
006808.png,1
006809.png,1
006810.png,1
006811.png,1
006812.png,1
006813.png,1
006814.png,1
006815.png,1
006816.png,1
006817.png,1
006818.png,1
006819.png,1
006820.png,1
006821.png,1
006822.png,1
006823.png,1
006824.png,1
006825.png,1
006826.png,1
006827.png,1
006828.png,1
006829.png,1
006830.png,1
006831.png,1
006832.png,1
006833.png,1
006834.png,1
006835.png,1
006836.png,1
006837.png,1
006838.png,1
006839.png,1
006840.png,1
006841.png,1
006842.png,1
006843.png,1
006844.png,1
006845.png,1
006846.png,1
006847.png,1
006848.png,1
006849.png,1
006850.png,1
006851.png,1
006852.png,1
006853.png,1
006854.png,1
006855.png,1
006856.png,1
006857.png,1
006858.png,1
006859.png,1
006860.png,1
006861.png,1
006862.png,1
006863.png,1
006864.png,1
006865.png,1
006866.png,1
006867.png,1
006868.png,1
006869.png,1
006870.png,1
006871.png,1
006872.png,1
006873.png,1
006874.png,1
006875.png,1
006876.png,1
006877.png,1
006878.png,1
006879.png,1
006880.png,1
006881.png,1
006882.png,1
006883.png,1
006884.png,1
006885.png,1
006886.png,1
006887.png,1
006888.png,1
006889.png,1
006890.png,1
006891.png,1
006892.png,1
006893.png,1
006894.png,1
006895.png,1
006896.png,1
006897.png,1
006898.png,1
006899.png,1
006900.png,1
006901.png,1
006902.png,1
006903.png,1
006904.png,1
006905.png,1
006906.png,1
006907.png,1
006908.png,1
006909.png,1
006910.png,1
006911.png,1
006912.png,1
006913.png,1
006914.png,1
006915.png,1
006916.png,1
006917.png,1
006918.png,1
006919.png,1
006920.png,1
006921.png,1
006922.png,1
006923.png,1
006924.png,1
006925.png,1
006926.png,1
006927.png,1
006928.png,1
006929.png,1
006930.png,1
006931.png,1
006932.png,1
006933.png,1
006934.png,1
006935.png,1
006936.png,1
006937.png,1
006938.png,1
006939.png,1
006940.png,1
006941.png,1
006942.png,1
006943.png,1
006944.png,1
006945.png,1
006946.png,1
006947.png,1
006948.png,1
006949.png,1
006950.png,1
006951.png,1
006952.png,1
006953.png,1
006954.png,1
006955.png,1
006956.png,1
006957.png,1
006958.png,1
006959.png,1
006960.png,1
006961.png,1
006962.png,1
006963.png,1
006964.png,1
006965.png,1
006966.png,1
006967.png,1
006968.png,1
006969.png,1
006970.png,1
006971.png,1
006972.png,1
006973.png,1
006974.png,1
006975.png,1
006976.png,1
006977.png,1
006978.png,1
006979.png,1
006980.png,1
006981.png,1
006982.png,1
006983.png,1
006984.png,1
006985.png,1
006986.png,1
006987.png,1
006988.png,1
006989.png,1
006990.png,1
006991.png,1
006992.png,1
006993.png,1
006994.png,1
006995.png,1
006996.png,1
006997.png,1
006998.png,1
006999.png,1
007000.png,1
007001.png,1
007002.png,1
007003.png,1
007004.png,1
007005.png,1
007006.png,1
007007.png,1
007008.png,1
007009.png,1
007010.png,1
007011.png,1
007012.png,1
007013.png,1
007014.png,1
007015.png,1
007016.png,1
007017.png,1
007018.png,1
007019.png,1
007020.png,1
007021.png,1
007022.png,1
007023.png,1
007024.png,1
007025.png,1
007026.png,1
007027.png,1
007028.png,1
007029.png,1
007030.png,1
007031.png,1
007032.png,1
007033.png,1
007034.png,1
007035.png,1
007036.png,1
007037.png,1
007038.png,1
007039.png,1
007040.png,1
007041.png,1
007042.png,1
007043.png,1
007044.png,1
007045.png,1
007046.png,1
007047.png,1
007048.png,1
007049.png,1
007050.png,1
007051.png,1
007052.png,1
007053.png,1
007054.png,1
007055.png,1
007056.png,1
007057.png,1
007058.png,1
007059.png,1
007060.png,1
007061.png,1
007062.png,1
007063.png,1
007064.png,1
007065.png,1
007066.png,1
007067.png,1
007068.png,1
007069.png,1
007070.png,1
007071.png,1
007072.png,1
007073.png,1
007074.png,1
007075.png,1
007076.png,1
007077.png,1
007078.png,1
007079.png,1
007080.png,1
007081.png,1
007082.png,1
007083.png,1
007084.png,1
007085.png,1
007086.png,1
007087.png,1
007088.png,1
007089.png,1
007090.png,1
007091.png,1
007092.png,1
007093.png,1
007094.png,1
007095.png,1
007096.png,1
007097.png,1
007098.png,1
007099.png,1
007100.png,1
007101.png,1
007102.png,1
007103.png,1
007104.png,1
007105.png,1
007106.png,1
007107.png,1
007108.png,1
007109.png,1
007110.png,1
007111.png,1
007112.png,1
007113.png,1
007114.png,1
007115.png,1
007116.png,1
007117.png,1
007118.png,1
007119.png,1
007120.png,1
007121.png,1
007122.png,1
007123.png,1
007124.png,1
007125.png,1
007126.png,1
007127.png,1
007128.png,1
007129.png,1
007130.png,1
007131.png,1
007132.png,1
007133.png,1
007134.png,1
007135.png,1
007136.png,1
007137.png,1
007138.png,1
007139.png,1
007140.png,1
007141.png,1
007142.png,1
007143.png,1
007144.png,1
007145.png,1
007146.png,1
007147.png,1
007148.png,1
007149.png,1
007150.png,1
007151.png,1
007152.png,1
007153.png,1
007154.png,1
007155.png,1
007156.png,1
007157.png,1
007158.png,1
007159.png,1
007160.png,1
007161.png,1
007162.png,1
007163.png,1
007164.png,1
007165.png,1
007166.png,1
007167.png,1
007168.png,1
007169.png,1
007170.png,1
007171.png,1
007172.png,1
007173.png,1
007174.png,1
007175.png,1
007176.png,1
007177.png,1
007178.png,1
007179.png,1
007180.png,1
007181.png,1
007182.png,1
007183.png,1
007184.png,1
007185.png,1
007186.png,1
007187.png,1
007188.png,1
007189.png,1
007190.png,1
007191.png,1
007192.png,1
007193.png,1
007194.png,1
007195.png,1
007196.png,1
007197.png,1
007198.png,1
007199.png,1
007200.png,1
007201.png,1
007202.png,1
007203.png,1
007204.png,1
007205.png,1
007206.png,1
007207.png,1
007208.png,1
007209.png,1
007210.png,1
007211.png,1
007212.png,1
007213.png,1
007214.png,1
007215.png,1
007216.png,1
007217.png,1
007218.png,1
007219.png,1
007220.png,1
007221.png,1
007222.png,1
007223.png,1
007224.png,1
007225.png,1
007226.png,1
007227.png,1
007228.png,1
007229.png,1
007230.png,1
007231.png,1
007232.png,1
007233.png,1
007234.png,1
007235.png,1
007236.png,1
007237.png,1
007238.png,1
007239.png,1
007240.png,1
007241.png,1
007242.png,1
007243.png,1
007244.png,1
007245.png,1
007246.png,1
007247.png,1
007248.png,1
007249.png,1
007250.png,1
007251.png,1
007252.png,1
007253.png,1
007254.png,1
007255.png,1
007256.png,1
007257.png,1
007258.png,1
007259.png,1
007260.png,1
007261.png,1
007262.png,1
007263.png,1
007264.png,1
007265.png,1
007266.png,1
007267.png,1
007268.png,1
007269.png,1
007270.png,1
007271.png,1
007272.png,1
007273.png,1
007274.png,1
007275.png,1
007276.png,1
007277.png,1
007278.png,1
007279.png,1
007280.png,1
007281.png,1
007282.png,1
007283.png,1
007284.png,1
007285.png,1
007286.png,1
007287.png,1
007288.png,1
007289.png,1
007290.png,1
007291.png,1
007292.png,1
007293.png,1
007294.png,1
007295.png,1
007296.png,1
007297.png,1
007298.png,1
007299.png,1
007300.png,1
007301.png,1
007302.png,1
007303.png,1
007304.png,1
007305.png,1
007306.png,1
007307.png,1
007308.png,1
007309.png,1
007310.png,1
007311.png,1
007312.png,1
007313.png,1
007314.png,1
007315.png,1
007316.png,1
007317.png,1
007318.png,1
007319.png,1
007320.png,1
007321.png,1
007322.png,1
007323.png,1
007324.png,1
007325.png,1
007326.png,1
007327.png,1
007328.png,1
007329.png,1
007330.png,1
007331.png,1
007332.png,1
007333.png,1
007334.png,1
007335.png,1
007336.png,1
007337.png,1
007338.png,1
007339.png,1
007340.png,1
007341.png,1
007342.png,1
007343.png,1
007344.png,1
007345.png,1
007346.png,1
007347.png,1
007348.png,1
007349.png,1
007350.png,1
007351.png,1
007352.png,1
007353.png,1
007354.png,1
007355.png,1
007356.png,1
007357.png,1
007358.png,1
007359.png,1
007360.png,1
007361.png,1
007362.png,1
007363.png,1
007364.png,1
007365.png,1
007366.png,1
007367.png,1
007368.png,1
007369.png,1
007370.png,1
007371.png,1
007372.png,1
007373.png,1
007374.png,1
007375.png,1
007376.png,1
007377.png,1
007378.png,1
007379.png,1
007380.png,1
007381.png,1
007382.png,1
007383.png,1
007384.png,1
007385.png,1
007386.png,1
007387.png,1
007388.png,1
007389.png,1
007390.png,1
007391.png,1
007392.png,1
007393.png,1
007394.png,1
007395.png,1
007396.png,1
007397.png,1
007398.png,1
007399.png,1
007400.png,1
007401.png,1
007402.png,1
007403.png,1
007404.png,1
007405.png,1
007406.png,1
007407.png,1
007408.png,1
007409.png,1
007410.png,1
007411.png,1
007412.png,1
007413.png,1
007414.png,1
007415.png,1
007416.png,1
007417.png,1
007418.png,1
007419.png,1
007420.png,1
007421.png,1
007422.png,1
007423.png,1
007424.png,1
007425.png,1
007426.png,1
007427.png,1
007428.png,1
007429.png,1
007430.png,1
007431.png,1
007432.png,1
007433.png,1
007434.png,1
007435.png,1
007436.png,1
007437.png,1
007438.png,1
007439.png,1
007440.png,1
007441.png,1
007442.png,1
007443.png,1
007444.png,1
007445.png,1
007446.png,1
007447.png,1
007448.png,1
007449.png,1
007450.png,1
007451.png,1
007452.png,1
007453.png,1
007454.png,1
007455.png,1
007456.png,1
007457.png,1
007458.png,1
007459.png,1
007460.png,1
007461.png,1
007462.png,1
007463.png,1
007464.png,1
007465.png,1
007466.png,1
007467.png,1
007468.png,1
007469.png,1
007470.png,1
007471.png,1
007472.png,1
007473.png,1
007474.png,1
007475.png,1
007476.png,1
007477.png,1
007478.png,1
007479.png,1
007480.png,1
007481.png,1
007482.png,1
007483.png,1
007484.png,1
007485.png,1
007486.png,1
007487.png,1
007488.png,1
007489.png,1
007490.png,1
007491.png,1
007492.png,1
007493.png,1
007494.png,1
007495.png,1
007496.png,1
007497.png,1
007498.png,1
007499.png,1
007500.png,1
007501.png,1
007502.png,1
007503.png,1
007504.png,1
007505.png,1
007506.png,1
007507.png,1
007508.png,1
007509.png,1
007510.png,1
007511.png,1
007512.png,1
007513.png,1
007514.png,1
007515.png,1
007516.png,1
007517.png,1
007518.png,1
007519.png,1
007520.png,1
007521.png,1
007522.png,1
007523.png,1
007524.png,1
007525.png,1
007526.png,1
007527.png,1
007528.png,1
007529.png,1
007530.png,1
007531.png,1
007532.png,1
007533.png,1
007534.png,1
007535.png,1
007536.png,1
007537.png,1
007538.png,1
007539.png,1
007540.png,1
007541.png,1
007542.png,1
007543.png,1
007544.png,1
007545.png,1
007546.png,1
007547.png,1
007548.png,1
007549.png,1
007550.png,1
